Region,City,Participa_mesas,Participa_electors,Participa_votes,Participa_percentage,City_id,City_with_id,Region_id,Region_with_id
DE ARICA Y PARINACOTA,TOTAL,595,191628,88565,46.22,-99,total,1084,1084-DE ARICA Y PARINACOTA
DE ARICA Y PARINACOTA,ARICA,559,180736,85885,47.52,157,157-ARICA,1084,1084-DE ARICA Y PARINACOTA
DE ARICA Y PARINACOTA,CAMARONES,11,3196,885,27.69,22534,22534-CAMARONES,1084,1084-DE ARICA Y PARINACOTA
DE ARICA Y PARINACOTA,GENERAL LAGOS,6,1948,326,16.74,164,164-GENERAL LAGOS,1084,1084-DE ARICA Y PARINACOTA
DE ARICA Y PARINACOTA,PUTRE,19,5748,1469,25.56,165,165-PUTRE,1084,1084-DE ARICA Y PARINACOTA
DE TARAPACA,TOTAL,922,260147,115399,44.36,-99,total,1085,1085-DE TARAPACA
DE TARAPACA,ALTO HOSPICIO,179,60343,24211,40.12,340,340-ALTO HOSPICIO,1085,1085-DE TARAPACA
DE TARAPACA,CAMIÑA,8,2639,866,32.82,159,159-CAMIÑA,1085,1085-DE TARAPACA
DE TARAPACA,COLCHANE,14,3217,984,30.59,160,160-COLCHANE,1085,1085-DE TARAPACA
DE TARAPACA,HUARA,36,9045,1558,17.22,161,161-HUARA,1085,1085-DE TARAPACA
DE TARAPACA,IQUIQUE,616,167349,80389,48.04,163,163-IQUIQUE,1085,1085-DE TARAPACA
DE TARAPACA,PICA,22,5663,2741,48.4,162,162-PICA,1085,1085-DE TARAPACA
DE TARAPACA,POZO ALMONTE,47,11891,4650,39.11,22536,22536-POZO ALMONTE,1085,1085-DE TARAPACA
DE ANTOFAGASTA,TOTAL,1437,481800,217012,45.04,-99,total,1086,1086-DE ANTOFAGASTA
DE ANTOFAGASTA,ANTOFAGASTA,854,289086,135490,46.87,11,11-ANTOFAGASTA,1086,1086-DE ANTOFAGASTA
DE ANTOFAGASTA,CALAMA,393,131956,57541,43.61,15,15-CALAMA,1086,1086-DE ANTOFAGASTA
DE ANTOFAGASTA,MARIA ELENA,23,6173,1855,30.05,18,18-MARIA ELENA,1086,1086-DE ANTOFAGASTA
DE ANTOFAGASTA,MEJILLONES,30,10072,4515,44.83,12,12-MEJILLONES,1086,1086-DE ANTOFAGASTA
DE ANTOFAGASTA,OLLAGUE,6,1663,234,14.07,16,16-OLLAGUE,1086,1086-DE ANTOFAGASTA
DE ANTOFAGASTA,SAN PEDRO DE ATACAMA,22,7279,3345,45.95,23339,23339-SAN PEDRO DE ATACAMA,1086,1086-DE ANTOFAGASTA
DE ANTOFAGASTA,SIERRA GORDA,9,2882,715,24.81,13,13-SIERRA GORDA,1086,1086-DE ANTOFAGASTA
DE ANTOFAGASTA,TALTAL,31,10493,4500,42.89,23528,23528-TALTAL,1086,1086-DE ANTOFAGASTA
DE ANTOFAGASTA,TOCOPILLA,69,22196,8817,39.72,19,19-TOCOPILLA,1086,1086-DE ANTOFAGASTA
DE ATACAMA,TOTAL,784,242779,117744,48.5,-99,total,1089,1089-DE ATACAMA
DE ATACAMA,ALTO DEL CARMEN,18,5148,1965,38.17,25,25-ALTO DEL CARMEN,1089,1089-DE ATACAMA
DE ATACAMA,CALDERA,45,15266,8066,52.84,22526,22526-CALDERA,1089,1089-DE ATACAMA
DE ATACAMA,CHAÑARAL,38,11980,5503,45.93,22525,22525-CHAÑARAL,1089,1089-DE ATACAMA
DE ATACAMA,COPIAPO,417,124441,62596,50.3,23,23-COPIAPO,1089,1089-DE ATACAMA
DE ATACAMA,DIEGO DE ALMAGRO,45,13101,5286,40.35,21,21-DIEGO DE ALMAGRO,1089,1089-DE ATACAMA
DE ATACAMA,FREIRINA,18,6051,2908,48.06,22528,22528-FREIRINA,1089,1089-DE ATACAMA
DE ATACAMA,HUASCO,25,8454,4388,51.9,22531,22531-HUASCO,1089,1089-DE ATACAMA
DE ATACAMA,TIERRA AMARILLA,43,12649,5570,44.04,24,24-TIERRA AMARILLA,1089,1089-DE ATACAMA
DE ATACAMA,VALLENAR,135,45689,21462,46.97,28,28-VALLENAR,1089,1089-DE ATACAMA
DE COQUIMBO,TOTAL,1865,623580,318356,51.05,-99,total,1090,1090-DE COQUIMBO
DE COQUIMBO,ANDACOLLO,35,11278,5833,51.72,66,66-ANDACOLLO,1090,1090-DE COQUIMBO
DE COQUIMBO,CANELA,30,9203,4863,52.84,62,62-CANELA,1090,1090-DE COQUIMBO
DE COQUIMBO,COMBARBALA,39,12522,5828,46.54,72,72-COMBARBALA,1090,1090-DE COQUIMBO
DE COQUIMBO,COQUIMBO,502,171212,86579,50.57,67,67-COQUIMBO,1090,1090-DE COQUIMBO
DE COQUIMBO,ILLAPEL,82,27992,14345,51.25,63,63-ILLAPEL,1090,1090-DE COQUIMBO
DE COQUIMBO,LA HIGUERA,14,4487,1968,43.86,68,68-LA HIGUERA,1090,1090-DE COQUIMBO
DE COQUIMBO,LA SERENA,524,179322,100101,55.82,69,69-LA SERENA,1090,1090-DE COQUIMBO
DE COQUIMBO,LOS VILOS,57,18641,9770,52.41,64,64-LOS VILOS,1090,1090-DE COQUIMBO
DE COQUIMBO,MONTE PATRIA,102,28145,12054,42.83,73,73-MONTE PATRIA,1090,1090-DE COQUIMBO
DE COQUIMBO,OVALLE,273,92330,44260,47.94,74,74-OVALLE,1090,1090-DE COQUIMBO
DE COQUIMBO,PAIHUANO,16,5295,2754,52.01,70,70-PAIHUANO,1090,1090-DE COQUIMBO
DE COQUIMBO,PUNITAQUI,32,10782,4624,42.89,75,75-PUNITAQUI,1090,1090-DE COQUIMBO
DE COQUIMBO,RIO HURTADO,18,4933,2055,41.66,76,76-RIO HURTADO,1090,1090-DE COQUIMBO
DE COQUIMBO,SALAMANCA,71,23633,11556,48.9,65,65-SALAMANCA,1090,1090-DE COQUIMBO
DE COQUIMBO,VICUÑA,70,23805,11766,49.43,71,71-VICUÑA,1090,1090-DE COQUIMBO
DE VALPARAISO,TOTAL,4924,1612630,929212,57.62,-99,total,1091,1091-DE VALPARAISO
DE VALPARAISO,ALGARROBO,43,14805,9760,65.92,183,183-ALGARROBO,1091,1091-DE VALPARAISO
DE VALPARAISO,CABILDO,53,18033,9756,54.1,171,171-CABILDO,1091,1091-DE VALPARAISO
DE VALPARAISO,CALERA,132,44870,24861,55.41,176,176-CALERA,1091,1091-DE VALPARAISO
DE VALPARAISO,CALLE LARGA,34,11602,6914,59.59,18293,18293-CALLE LARGA,1091,1091-DE VALPARAISO
DE VALPARAISO,CARTAGENA,55,18730,10722,57.25,184,184-CARTAGENA,1091,1091-DE VALPARAISO
DE VALPARAISO,CASABLANCA,67,22793,13238,58.08,195,195-CASABLANCA,1091,1091-DE VALPARAISO
DE VALPARAISO,CATEMU,36,12173,6352,52.18,189,189-CATEMU,1091,1091-DE VALPARAISO
DE VALPARAISO,CONCON,119,40829,28002,68.58,196,196-CONCON,1091,1091-DE VALPARAISO
DE VALPARAISO,EL QUISCO,43,14675,9466,64.5,185,185-EL QUISCO,1091,1091-DE VALPARAISO
DE VALPARAISO,EL TABO,37,12832,8392,65.4,186,186-EL TABO,1091,1091-DE VALPARAISO
DE VALPARAISO,HIJUELAS,46,15727,8518,54.16,177,177-HIJUELAS,1091,1091-DE VALPARAISO
DE VALPARAISO,ISLA DE PASCUA,19,6493,2923,45.02,18434,18434-ISLA DE PASCUA,1091,1091-DE VALPARAISO
DE VALPARAISO,JUAN FERNANDEZ,3,930,401,43.12,18680,18680-JUAN FERNANDEZ,1091,1091-DE VALPARAISO
DE VALPARAISO,LA CRUZ,49,16779,10627,63.34,178,178-LA CRUZ,1091,1091-DE VALPARAISO
DE VALPARAISO,LA LIGUA,92,30495,17844,58.51,172,172-LA LIGUA,1091,1091-DE VALPARAISO
DE VALPARAISO,LIMACHE,117,40056,22915,57.21,179,179-LIMACHE,1091,1091-DE VALPARAISO
DE VALPARAISO,LLAILLAY,62,21043,12470,59.26,190,190-LLAILLAY,1091,1091-DE VALPARAISO
DE VALPARAISO,LOS ANDES,166,55912,32633,58.36,168,168-LOS ANDES,1091,1091-DE VALPARAISO
DE VALPARAISO,NOGALES,66,19714,10980,55.7,180,180-NOGALES,1091,1091-DE VALPARAISO
DE VALPARAISO,OLMUE,49,16687,9419,56.45,181,181-OLMUE,1091,1091-DE VALPARAISO
DE VALPARAISO,PANQUEHUE,20,6644,3972,59.78,191,191-PANQUEHUE,1091,1091-DE VALPARAISO
DE VALPARAISO,PAPUDO,22,6309,4325,68.55,173,173-PAPUDO,1091,1091-DE VALPARAISO
DE VALPARAISO,PETORCA,30,9415,5102,54.19,174,174-PETORCA,1091,1091-DE VALPARAISO
DE VALPARAISO,PUCHUNCAVI,65,16733,10211,61.02,23471,23471-PUCHUNCAVI,1091,1091-DE VALPARAISO
DE VALPARAISO,PUTAENDO,42,14163,7796,55.04,192,192-PUTAENDO,1091,1091-DE VALPARAISO
DE VALPARAISO,QUILLOTA,223,75874,42595,56.14,182,182-QUILLOTA,1091,1091-DE VALPARAISO
DE VALPARAISO,QUILPUE,398,135645,81308,59.94,199,199-QUILPUE,1091,1091-DE VALPARAISO
DE VALPARAISO,QUINTERO,74,25195,14208,56.39,200,200-QUINTERO,1091,1091-DE VALPARAISO
DE VALPARAISO,RINCONADA,28,9605,5977,62.23,169,169-RINCONADA,1091,1091-DE VALPARAISO
DE VALPARAISO,SAN ANTONIO,232,78647,46423,59.03,187,187-SAN ANTONIO,1091,1091-DE VALPARAISO
DE VALPARAISO,SAN ESTEBAN,45,15496,9189,59.3,170,170-SAN ESTEBAN,1091,1091-DE VALPARAISO
DE VALPARAISO,SAN FELIPE,178,60113,34070,56.68,193,193-SAN FELIPE,1091,1091-DE VALPARAISO
DE VALPARAISO,SANTA MARIA,36,12169,6789,55.79,194,194-SANTA MARIA,1091,1091-DE VALPARAISO
DE VALPARAISO,SANTO DOMINGO,35,11869,8409,70.85,188,188-SANTO DOMINGO,1091,1091-DE VALPARAISO
DE VALPARAISO,VALPARAISO,940,287931,153082,53.17,201,201-VALPARAISO,1091,1091-DE VALPARAISO
DE VALPARAISO,VILLA ALEMANA,293,100481,60590,60.3,202,202-VILLA ALEMANA,1091,1091-DE VALPARAISO
DE VALPARAISO,VIÑA DEL MAR,947,302008,172591,57.15,203,203-VIÑA DEL MAR,1091,1091-DE VALPARAISO
DE VALPARAISO,ZAPALLAR,28,9155,6382,69.71,175,175-ZAPALLAR,1091,1091-DE VALPARAISO
METROPOLITANA DE SANTIAGO,TOTAL,18166,5862179,3459781,59.02,-99,total,1092,1092-METROPOLITANA DE SANTIAGO
METROPOLITANA DE SANTIAGO,ALHUE,21,6118,3062,50.05,298,298-ALHUE,1092,1092-METROPOLITANA DE SANTIAGO
METROPOLITANA DE SANTIAGO,BUIN,253,78010,47122,60.41,294,294-BUIN,1092,1092-METROPOLITANA DE SANTIAGO
METROPOLITANA DE SANTIAGO,CALERA DE TANGO,67,22524,14428,64.06,295,295-CALERA DE TANGO,1092,1092-METROPOLITANA DE SANTIAGO
METROPOLITANA DE SANTIAGO,CERRILLOS,205,66557,38146,57.31,303,303-CERRILLOS,1092,1092-METROPOLITANA DE SANTIAGO
METROPOLITANA DE SANTIAGO,CERRO NAVIA,350,113693,61113,53.75,304,304-CERRO NAVIA,1092,1092-METROPOLITANA DE SANTIAGO
METROPOLITANA DE SANTIAGO,COLINA,278,94052,55813,59.34,288,288-COLINA,1092,1092-METROPOLITANA DE SANTIAGO
METROPOLITANA DE SANTIAGO,CONCHALI,387,116290,65347,56.19,305,305-CONCHALI,1092,1092-METROPOLITANA DE SANTIAGO
METROPOLITANA DE SANTIAGO,CURACAVI,79,27147,16689,61.48,299,299-CURACAVI,1092,1092-METROPOLITANA DE SANTIAGO
METROPOLITANA DE SANTIAGO,EL BOSQUE,434,135969,76018,55.91,306,306-EL BOSQUE,1092,1092-METROPOLITANA DE SANTIAGO
METROPOLITANA DE SANTIAGO,EL MONTE,83,28129,16563,58.88,335,335-EL MONTE,1092,1092-METROPOLITANA DE SANTIAGO
METROPOLITANA DE SANTIAGO,ESTACION CENTRAL,399,125639,64349,51.22,18258,18258-ESTACION CENTRAL,1092,1092-METROPOLITANA DE SANTIAGO
METROPOLITANA DE SANTIAGO,HUECHURABA,223,74581,48268,64.72,308,308-HUECHURABA,1092,1092-METROPOLITANA DE SANTIAGO
METROPOLITANA DE SANTIAGO,INDEPENDENCIA,246,82526,40345,48.89,309,309-INDEPENDENCIA,1092,1092-METROPOLITANA DE SANTIAGO
METROPOLITANA DE SANTIAGO,ISLA DE MAIPO,83,28606,17390,60.79,336,336-ISLA DE MAIPO,1092,1092-METROPOLITANA DE SANTIAGO
METROPOLITANA DE SANTIAGO,LA CISTERNA,259,81931,48228,58.86,310,310-LA CISTERNA,1092,1092-METROPOLITANA DE SANTIAGO
METROPOLITANA DE SANTIAGO,LA FLORIDA,918,308805,194866,63.1,311,311-LA FLORIDA,1092,1092-METROPOLITANA DE SANTIAGO
METROPOLITANA DE SANTIAGO,LA GRANJA,318,102187,55922,54.73,312,312-LA GRANJA,1092,1092-METROPOLITANA DE SANTIAGO
METROPOLITANA DE SANTIAGO,LA PINTANA,508,137994,69142,50.11,313,313-LA PINTANA,1092,1092-METROPOLITANA DE SANTIAGO
METROPOLITANA DE SANTIAGO,LA REINA,283,90939,63597,69.93,314,314-LA REINA,1092,1092-METROPOLITANA DE SANTIAGO
METROPOLITANA DE SANTIAGO,LAMPA,187,62829,35916,57.16,289,289-LAMPA,1092,1092-METROPOLITANA DE SANTIAGO
METROPOLITANA DE SANTIAGO,LAS CONDES,803,271386,184227,67.88,315,315-LAS CONDES,1092,1092-METROPOLITANA DE SANTIAGO
METROPOLITANA DE SANTIAGO,LO BARNECHEA,248,84259,59439,70.54,316,316-LO BARNECHEA,1092,1092-METROPOLITANA DE SANTIAGO
METROPOLITANA DE SANTIAGO,LO ESPEJO,305,88815,47637,53.64,317,317-LO ESPEJO,1092,1092-METROPOLITANA DE SANTIAGO
METROPOLITANA DE SANTIAGO,LO PRADO,272,86901,49629,57.11,318,318-LO PRADO,1092,1092-METROPOLITANA DE SANTIAGO
METROPOLITANA DE SANTIAGO,MACUL,370,100045,64014,63.99,319,319-MACUL,1092,1092-METROPOLITANA DE SANTIAGO
METROPOLITANA DE SANTIAGO,MAIPU,1186,392526,253298,64.53,320,320-MAIPU,1092,1092-METROPOLITANA DE SANTIAGO
METROPOLITANA DE SANTIAGO,MARIA PINTO,35,11862,6922,58.35,300,300-MARIA PINTO,1092,1092-METROPOLITANA DE SANTIAGO
METROPOLITANA DE SANTIAGO,MELIPILLA,286,98064,52407,53.44,301,301-MELIPILLA,1092,1092-METROPOLITANA DE SANTIAGO
METROPOLITANA DE SANTIAGO,ÑUÑOA,616,198985,139002,69.86,321,321-ÑUÑOA,1092,1092-METROPOLITANA DE SANTIAGO
METROPOLITANA DE SANTIAGO,PADRE HURTADO,136,46684,29820,63.88,337,337-PADRE HURTADO,1092,1092-METROPOLITANA DE SANTIAGO
METROPOLITANA DE SANTIAGO,PAINE,166,55091,32635,59.24,296,296-PAINE,1092,1092-METROPOLITANA DE SANTIAGO
METROPOLITANA DE SANTIAGO,PEDRO AGUIRRE CERDA,337,91490,55279,60.42,322,322-PEDRO AGUIRRE CERDA,1092,1092-METROPOLITANA DE SANTIAGO
METROPOLITANA DE SANTIAGO,PEÑAFLOR,215,73422,44966,61.24,338,338-PEÑAFLOR,1092,1092-METROPOLITANA DE SANTIAGO
METROPOLITANA DE SANTIAGO,PEÑALOLEN,582,190640,115618,60.65,323,323-PEÑALOLEN,1092,1092-METROPOLITANA DE SANTIAGO
METROPOLITANA DE SANTIAGO,PIRQUE,80,23505,14876,63.29,291,291-PIRQUE,1092,1092-METROPOLITANA DE SANTIAGO
METROPOLITANA DE SANTIAGO,PROVIDENCIA,508,170892,104699,61.27,324,324-PROVIDENCIA,1092,1092-METROPOLITANA DE SANTIAGO
METROPOLITANA DE SANTIAGO,PUDAHUEL,510,169810,100011,58.9,325,325-PUDAHUEL,1092,1092-METROPOLITANA DE SANTIAGO
METROPOLITANA DE SANTIAGO,PUENTE ALTO,1276,403129,233459,57.91,292,292-PUENTE ALTO,1092,1092-METROPOLITANA DE SANTIAGO
METROPOLITANA DE SANTIAGO,QUILICURA,418,141793,85284,60.15,326,326-QUILICURA,1092,1092-METROPOLITANA DE SANTIAGO
METROPOLITANA DE SANTIAGO,QUINTA NORMAL,304,101182,56432,55.77,327,327-QUINTA NORMAL,1092,1092-METROPOLITANA DE SANTIAGO
METROPOLITANA DE SANTIAGO,RECOLETA,466,140460,76282,54.31,328,328-RECOLETA,1092,1092-METROPOLITANA DE SANTIAGO
METROPOLITANA DE SANTIAGO,RENCA,346,115788,63291,54.66,329,329-RENCA,1092,1092-METROPOLITANA DE SANTIAGO
METROPOLITANA DE SANTIAGO,SAN BERNARDO,679,228550,120406,52.68,297,297-SAN BERNARDO,1092,1092-METROPOLITANA DE SANTIAGO
METROPOLITANA DE SANTIAGO,SAN JOAQUIN,263,80763,48040,59.48,330,330-SAN JOAQUIN,1092,1092-METROPOLITANA DE SANTIAGO
METROPOLITANA DE SANTIAGO,SAN JOSE DE MAIPO,48,16006,9689,60.53,293,293-SAN JOSE DE MAIPO,1092,1092-METROPOLITANA DE SANTIAGO
METROPOLITANA DE SANTIAGO,SAN MIGUEL,313,105216,62622,59.52,331,331-SAN MIGUEL,1092,1092-METROPOLITANA DE SANTIAGO
METROPOLITANA DE SANTIAGO,SAN PEDRO,25,8577,4652,54.24,302,302-SAN PEDRO,1092,1092-METROPOLITANA DE SANTIAGO
METROPOLITANA DE SANTIAGO,SAN RAMON,251,80041,43599,54.47,332,332-SAN RAMON,1092,1092-METROPOLITANA DE SANTIAGO
METROPOLITANA DE SANTIAGO,SANTIAGO,1049,339067,158677,46.8,333,333-SANTIAGO,1092,1092-METROPOLITANA DE SANTIAGO
METROPOLITANA DE SANTIAGO,TALAGANTE,173,58940,37075,62.9,339,339-TALAGANTE,1092,1092-METROPOLITANA DE SANTIAGO
METROPOLITANA DE SANTIAGO,TILTIL,54,14962,8780,58.68,290,290-TILTIL,1092,1092-METROPOLITANA DE SANTIAGO
METROPOLITANA DE SANTIAGO,VITACURA,265,88802,64690,72.85,334,334-VITACURA,1092,1092-METROPOLITANA DE SANTIAGO
DEL LIBERTADOR GENERAL BERNARDO O'HIGGINS,TOTAL,2351,780303,443061,56.78,-99,total,1099,1099-DEL LIBERTADOR GENERAL BERNARDO O'HIGGINS
DEL LIBERTADOR GENERAL BERNARDO O'HIGGINS,CHEPICA,41,13827,6949,50.26,52,52-CHEPICA,1099,1099-DEL LIBERTADOR GENERAL BERNARDO O'HIGGINS
DEL LIBERTADOR GENERAL BERNARDO O'HIGGINS,CHIMBARONGO,90,30692,15807,51.5,53,53-CHIMBARONGO,1099,1099-DEL LIBERTADOR GENERAL BERNARDO O'HIGGINS
DEL LIBERTADOR GENERAL BERNARDO O'HIGGINS,CODEGUA,35,11661,6495,55.7,29,29-CODEGUA,1099,1099-DEL LIBERTADOR GENERAL BERNARDO O'HIGGINS
DEL LIBERTADOR GENERAL BERNARDO O'HIGGINS,COINCO,22,7305,4120,56.4,30,30-COINCO,1099,1099-DEL LIBERTADOR GENERAL BERNARDO O'HIGGINS
DEL LIBERTADOR GENERAL BERNARDO O'HIGGINS,COLTAUCO,48,16381,8756,53.45,31,31-COLTAUCO,1099,1099-DEL LIBERTADOR GENERAL BERNARDO O'HIGGINS
DEL LIBERTADOR GENERAL BERNARDO O'HIGGINS,DOÑIHUE,59,18597,10667,57.36,32,32-DOÑIHUE,1099,1099-DEL LIBERTADOR GENERAL BERNARDO O'HIGGINS
DEL LIBERTADOR GENERAL BERNARDO O'HIGGINS,GRANEROS,80,27062,15933,58.88,34,34-GRANEROS,1099,1099-DEL LIBERTADOR GENERAL BERNARDO O'HIGGINS
DEL LIBERTADOR GENERAL BERNARDO O'HIGGINS,LA ESTRELLA,15,3799,2282,60.07,46,46-LA ESTRELLA,1099,1099-DEL LIBERTADOR GENERAL BERNARDO O'HIGGINS
DEL LIBERTADOR GENERAL BERNARDO O'HIGGINS,LAS CABRAS,65,20829,10942,52.53,35,35-LAS CABRAS,1099,1099-DEL LIBERTADOR GENERAL BERNARDO O'HIGGINS
DEL LIBERTADOR GENERAL BERNARDO O'HIGGINS,LITUECHE,22,6624,3972,59.96,47,47-LITUECHE,1099,1099-DEL LIBERTADOR GENERAL BERNARDO O'HIGGINS
DEL LIBERTADOR GENERAL BERNARDO O'HIGGINS,LOLOL,21,6957,3840,55.2,54,54-LOLOL,1099,1099-DEL LIBERTADOR GENERAL BERNARDO O'HIGGINS
DEL LIBERTADOR GENERAL BERNARDO O'HIGGINS,MACHALI,114,38282,24095,62.94,36,36-MACHALI,1099,1099-DEL LIBERTADOR GENERAL BERNARDO O'HIGGINS
DEL LIBERTADOR GENERAL BERNARDO O'HIGGINS,MALLOA,43,12391,6883,55.55,37,37-MALLOA,1099,1099-DEL LIBERTADOR GENERAL BERNARDO O'HIGGINS
DEL LIBERTADOR GENERAL BERNARDO O'HIGGINS,MARCHIGUE,22,7159,4075,56.92,48,48-MARCHIGUE,1099,1099-DEL LIBERTADOR GENERAL BERNARDO O'HIGGINS
DEL LIBERTADOR GENERAL BERNARDO O'HIGGINS,MOSTAZAL,64,21204,12321,58.11,44,44-MOSTAZAL,1099,1099-DEL LIBERTADOR GENERAL BERNARDO O'HIGGINS
DEL LIBERTADOR GENERAL BERNARDO O'HIGGINS,NANCAGUA,45,15306,8533,55.75,55,55-NANCAGUA,1099,1099-DEL LIBERTADOR GENERAL BERNARDO O'HIGGINS
DEL LIBERTADOR GENERAL BERNARDO O'HIGGINS,NAVIDAD,21,7214,4172,57.83,49,49-NAVIDAD,1099,1099-DEL LIBERTADOR GENERAL BERNARDO O'HIGGINS
DEL LIBERTADOR GENERAL BERNARDO O'HIGGINS,OLIVAR,42,12567,7356,58.53,33,33-OLIVAR,1099,1099-DEL LIBERTADOR GENERAL BERNARDO O'HIGGINS
DEL LIBERTADOR GENERAL BERNARDO O'HIGGINS,PALMILLA,31,10565,6003,56.82,56,56-PALMILLA,1099,1099-DEL LIBERTADOR GENERAL BERNARDO O'HIGGINS
DEL LIBERTADOR GENERAL BERNARDO O'HIGGINS,PAREDONES,24,7049,3906,55.41,50,50-PAREDONES,1099,1099-DEL LIBERTADOR GENERAL BERNARDO O'HIGGINS
DEL LIBERTADOR GENERAL BERNARDO O'HIGGINS,PERALILLO,30,10158,5977,58.84,57,57-PERALILLO,1099,1099-DEL LIBERTADOR GENERAL BERNARDO O'HIGGINS
DEL LIBERTADOR GENERAL BERNARDO O'HIGGINS,PEUMO,39,12895,7439,57.69,38,38-PEUMO,1099,1099-DEL LIBERTADOR GENERAL BERNARDO O'HIGGINS
DEL LIBERTADOR GENERAL BERNARDO O'HIGGINS,PICHIDEGUA,50,17017,8679,51.0,39,39-PICHIDEGUA,1099,1099-DEL LIBERTADOR GENERAL BERNARDO O'HIGGINS
DEL LIBERTADOR GENERAL BERNARDO O'HIGGINS,PICHILEMU,49,16735,10402,62.16,51,51-PICHILEMU,1099,1099-DEL LIBERTADOR GENERAL BERNARDO O'HIGGINS
DEL LIBERTADOR GENERAL BERNARDO O'HIGGINS,PLACILLA,25,8296,4809,57.97,58,58-PLACILLA,1099,1099-DEL LIBERTADOR GENERAL BERNARDO O'HIGGINS
DEL LIBERTADOR GENERAL BERNARDO O'HIGGINS,PUMANQUE,13,4262,2460,57.72,59,59-PUMANQUE,1099,1099-DEL LIBERTADOR GENERAL BERNARDO O'HIGGINS
DEL LIBERTADOR GENERAL BERNARDO O'HIGGINS,QUINTA DE TILCOCO,37,12463,7359,59.05,40,40-QUINTA DE TILCOCO,1099,1099-DEL LIBERTADOR GENERAL BERNARDO O'HIGGINS
DEL LIBERTADOR GENERAL BERNARDO O'HIGGINS,RANCAGUA,574,195074,111386,57.1,41,41-RANCAGUA,1099,1099-DEL LIBERTADOR GENERAL BERNARDO O'HIGGINS
DEL LIBERTADOR GENERAL BERNARDO O'HIGGINS,RENGO,149,49052,27595,56.26,42,42-RENGO,1099,1099-DEL LIBERTADOR GENERAL BERNARDO O'HIGGINS
DEL LIBERTADOR GENERAL BERNARDO O'HIGGINS,REQUINOA,69,23324,13519,57.96,43,43-REQUINOA,1099,1099-DEL LIBERTADOR GENERAL BERNARDO O'HIGGINS
DEL LIBERTADOR GENERAL BERNARDO O'HIGGINS,SAN FERNANDO,187,63060,36193,57.39,60,60-SAN FERNANDO,1099,1099-DEL LIBERTADOR GENERAL BERNARDO O'HIGGINS
DEL LIBERTADOR GENERAL BERNARDO O'HIGGINS,SAN VICENTE,133,40881,23173,56.68,45,45-SAN VICENTE,1099,1099-DEL LIBERTADOR GENERAL BERNARDO O'HIGGINS
DEL LIBERTADOR GENERAL BERNARDO O'HIGGINS,SANTA CRUZ,92,31615,16963,53.65,61,61-SANTA CRUZ,1099,1099-DEL LIBERTADOR GENERAL BERNARDO O'HIGGINS
DEL MAULE,TOTAL,2730,892246,495284,55.51,-99,total,1098,1098-DEL MAULE
DEL MAULE,CAUQUENES,120,37684,19681,52.23,258,258-CAUQUENES,1098,1098-DEL MAULE
DEL MAULE,CHANCO,34,9369,5158,55.05,259,259-CHANCO,1098,1098-DEL MAULE
DEL MAULE,COLBUN,55,18716,9256,49.46,270,270-COLBUN,1098,1098-DEL MAULE
DEL MAULE,CONSTITUCION,122,40149,21109,52.58,278,278-CONSTITUCION,1098,1098-DEL MAULE
DEL MAULE,CUREPTO,36,10330,5328,51.58,279,279-CUREPTO,1098,1098-DEL MAULE
DEL MAULE,CURICO,383,118541,68803,58.04,261,261-CURICO,1098,1098-DEL MAULE
DEL MAULE,EMPEDRADO,15,4523,2480,54.83,280,280-EMPEDRADO,1098,1098-DEL MAULE
DEL MAULE,HUALAÑE,32,9788,5671,57.94,262,262-HUALAÑE,1098,1098-DEL MAULE
DEL MAULE,LICANTEN,24,6897,3950,57.27,263,263-LICANTEN,1098,1098-DEL MAULE
DEL MAULE,LINARES,241,82252,44354,53.92,271,271-LINARES,1098,1098-DEL MAULE
DEL MAULE,LONGAVI,79,27055,13474,49.8,272,272-LONGAVI,1098,1098-DEL MAULE
DEL MAULE,MAULE,78,25279,14269,56.45,281,281-MAULE,1098,1098-DEL MAULE
DEL MAULE,MOLINA,119,39735,22936,57.72,264,264-MOLINA,1098,1098-DEL MAULE
DEL MAULE,PARRAL,128,38210,20771,54.36,273,273-PARRAL,1098,1098-DEL MAULE
DEL MAULE,PELARCO,26,8675,4686,54.02,282,282-PELARCO,1098,1098-DEL MAULE
DEL MAULE,PELLUHUE,26,7912,5085,64.27,260,260-PELLUHUE,1098,1098-DEL MAULE
DEL MAULE,PENCAHUE,37,10371,5973,57.59,283,283-PENCAHUE,1098,1098-DEL MAULE
DEL MAULE,RAUCO,29,10014,5490,54.82,265,265-RAUCO,1098,1098-DEL MAULE
DEL MAULE,RETIRO,52,17799,9345,52.5,274,274-RETIRO,1098,1098-DEL MAULE
DEL MAULE,RIO CLARO,36,12186,6621,54.33,284,284-RIO CLARO,1098,1098-DEL MAULE
DEL MAULE,ROMERAL,41,14037,7933,56.51,266,266-ROMERAL,1098,1098-DEL MAULE
DEL MAULE,SAGRADA FAMILIA,50,16115,9242,57.35,267,267-SAGRADA FAMILIA,1098,1098-DEL MAULE
DEL MAULE,SAN CLEMENTE,110,37611,18802,49.99,285,285-SAN CLEMENTE,1098,1098-DEL MAULE
DEL MAULE,SAN JAVIER,117,39506,20609,52.17,275,275-SAN JAVIER,1098,1098-DEL MAULE
DEL MAULE,SAN RAFAEL,26,8670,4911,56.64,286,286-SAN RAFAEL,1098,1098-DEL MAULE
DEL MAULE,TALCA,532,181299,108045,59.59,287,287-TALCA,1098,1098-DEL MAULE
DEL MAULE,TENO,73,25073,12374,49.35,268,268-TENO,1098,1098-DEL MAULE
DEL MAULE,VICHUQUEN,21,5335,3288,61.63,269,269-VICHUQUEN,1098,1098-DEL MAULE
DEL MAULE,VILLA ALEGRE,41,14020,7676,54.75,276,276-VILLA ALEGRE,1098,1098-DEL MAULE
DEL MAULE,YERBAS BUENAS,47,15095,7964,52.76,277,277-YERBAS BUENAS,1098,1098-DEL MAULE
DE ÑUBLE,TOTAL,1342,430998,235903,54.73,-99,total,1097,1097-DE ÑUBLE
DE ÑUBLE,BULNES,67,20644,10593,51.31,237,237-BULNES,1097,1097-DE ÑUBLE
DE ÑUBLE,CHILLAN,453,153992,86484,56.16,238,238-CHILLAN,1097,1097-DE ÑUBLE
DE ÑUBLE,CHILLAN VIEJO,68,22712,13395,58.98,239,239-CHILLAN VIEJO,1097,1097-DE ÑUBLE
DE ÑUBLE,COBQUECURA,19,5904,3476,58.88,240,240-COBQUECURA,1097,1097-DE ÑUBLE
DE ÑUBLE,COELEMU,57,15372,8988,58.47,241,241-COELEMU,1097,1097-DE ÑUBLE
DE ÑUBLE,COIHUECO,73,22439,12203,54.38,242,242-COIHUECO,1097,1097-DE ÑUBLE
DE ÑUBLE,EL CARMEN,39,12469,6795,54.5,243,243-EL CARMEN,1097,1097-DE ÑUBLE
DE ÑUBLE,NINHUE,21,6078,3162,52.02,23697,23697-NINHUE,1097,1097-DE ÑUBLE
DE ÑUBLE,ÑIQUEN,34,10758,5527,51.38,245,245-ÑIQUEN,1097,1097-DE ÑUBLE
DE ÑUBLE,PEMUCO,29,8294,4317,52.05,246,246-PEMUCO,1097,1097-DE ÑUBLE
DE ÑUBLE,PINTO,37,11523,6762,58.68,247,247-PINTO,1097,1097-DE ÑUBLE
DE ÑUBLE,PORTEZUELO,23,5797,3263,56.29,248,248-PORTEZUELO,1097,1097-DE ÑUBLE
DE ÑUBLE,QUILLON,49,15977,8425,52.73,249,249-QUILLON,1097,1097-DE ÑUBLE
DE ÑUBLE,QUIRIHUE,37,10977,5792,52.76,250,250-QUIRIHUE,1097,1097-DE ÑUBLE
DE ÑUBLE,RANQUIL,20,5833,3365,57.69,251,251-RANQUIL,1097,1097-DE ÑUBLE
DE ÑUBLE,SAN CARLOS,142,47823,24370,50.96,252,252-SAN CARLOS,1097,1097-DE ÑUBLE
DE ÑUBLE,SAN FABIAN,17,5149,2840,55.16,253,253-SAN FABIAN,1097,1097-DE ÑUBLE
DE ÑUBLE,SAN IGNACIO,52,14746,7870,53.37,254,254-SAN IGNACIO,1097,1097-DE ÑUBLE
DE ÑUBLE,SAN NICOLAS,36,11810,6548,55.44,255,255-SAN NICOLAS,1097,1097-DE ÑUBLE
DE ÑUBLE,TREHUACO,20,6241,3470,55.6,256,256-TREHUACO,1097,1097-DE ÑUBLE
DE ÑUBLE,YUNGAY,49,16460,8258,50.17,257,257-YUNGAY,1097,1097-DE ÑUBLE
DEL BIOBIO,TOTAL,4322,1337610,736759,55.08,-99,total,1096,1096-DEL BIOBIO
DEL BIOBIO,ALTO BIOBIO,19,5583,2420,43.35,211,211-ALTO BIOBIO,1096,1096-DEL BIOBIO
DEL BIOBIO,ANTUCO,15,4687,2205,47.05,212,212-ANTUCO,1096,1096-DEL BIOBIO
DEL BIOBIO,ARAUCO,118,31244,16947,54.24,204,204-ARAUCO,1096,1096-DEL BIOBIO
DEL BIOBIO,CABRERO,74,25305,12737,50.33,213,213-CABRERO,1096,1096-DEL BIOBIO
DEL BIOBIO,CAÑETE,87,29725,15639,52.61,205,205-CAÑETE,1096,1096-DEL BIOBIO
DEL BIOBIO,CHIGUAYANTE,200,68015,41424,60.9,225,225-CHIGUAYANTE,1096,1096-DEL BIOBIO
DEL BIOBIO,CONCEPCION,637,200269,117659,58.75,226,226-CONCEPCION,1096,1096-DEL BIOBIO
DEL BIOBIO,CONTULMO,23,6114,3476,56.85,206,206-CONTULMO,1096,1096-DEL BIOBIO
DEL BIOBIO,CORONEL,339,90394,49390,54.64,227,227-CORONEL,1096,1096-DEL BIOBIO
DEL BIOBIO,CURANILAHUE,93,30382,15149,49.86,207,207-CURANILAHUE,1096,1096-DEL BIOBIO
DEL BIOBIO,FLORIDA,34,10550,5694,53.97,228,228-FLORIDA,1096,1096-DEL BIOBIO
DEL BIOBIO,HUALPEN,244,77313,46608,60.28,229,229-HUALPEN,1096,1096-DEL BIOBIO
DEL BIOBIO,HUALQUI,63,20705,10806,52.19,230,230-HUALQUI,1096,1096-DEL BIOBIO
DEL BIOBIO,LAJA,65,21631,10383,48.0,214,214-LAJA,1096,1096-DEL BIOBIO
DEL BIOBIO,LEBU,67,22302,10834,48.58,208,208-LEBU,1096,1096-DEL BIOBIO
DEL BIOBIO,LOS ALAMOS,58,18230,9544,52.35,209,209-LOS ALAMOS,1096,1096-DEL BIOBIO
DEL BIOBIO,LOS ANGELES,556,164725,84729,51.44,215,215-LOS ANGELES,1096,1096-DEL BIOBIO
DEL BIOBIO,LOTA,147,47446,24809,52.29,231,231-LOTA,1096,1096-DEL BIOBIO
DEL BIOBIO,MULCHEN,79,26746,12682,47.42,216,216-MULCHEN,1096,1096-DEL BIOBIO
DEL BIOBIO,NACIMIENTO,72,24563,12098,49.25,217,217-NACIMIENTO,1096,1096-DEL BIOBIO
DEL BIOBIO,NEGRETE,30,9084,4695,51.68,218,218-NEGRETE,1096,1096-DEL BIOBIO
DEL BIOBIO,PENCO,125,42186,25032,59.34,232,232-PENCO,1096,1096-DEL BIOBIO
DEL BIOBIO,QUILACO,15,4359,2369,54.35,219,219-QUILACO,1096,1096-DEL BIOBIO
DEL BIOBIO,QUILLECO,34,9620,4715,49.01,220,220-QUILLECO,1096,1096-DEL BIOBIO
DEL BIOBIO,SAN PEDRO DE LA PAZ,270,91391,55257,60.46,233,233-SAN PEDRO DE LA PAZ,1096,1096-DEL BIOBIO
DEL BIOBIO,SAN ROSENDO,15,4362,2292,52.54,221,221-SAN ROSENDO,1096,1096-DEL BIOBIO
DEL BIOBIO,SANTA BARBARA,39,13350,6453,48.34,222,222-SANTA BARBARA,1096,1096-DEL BIOBIO
DEL BIOBIO,SANTA JUANA,39,13026,6914,53.08,234,234-SANTA JUANA,1096,1096-DEL BIOBIO
DEL BIOBIO,TALCAHUANO,465,131721,73678,55.93,235,235-TALCAHUANO,1096,1096-DEL BIOBIO
DEL BIOBIO,TIRUA,27,9123,4918,53.91,210,210-TIRUA,1096,1096-DEL BIOBIO
DEL BIOBIO,TOME,158,50014,28096,56.18,236,236-TOME,1096,1096-DEL BIOBIO
DEL BIOBIO,TUCAPEL,47,13197,6633,50.26,223,223-TUCAPEL,1096,1096-DEL BIOBIO
DEL BIOBIO,YUMBEL,68,20248,10474,51.73,224,224-YUMBEL,1096,1096-DEL BIOBIO
DE LA ARAUCANIA,TOTAL,2923,887606,467654,52.69,-99,total,1095,1095-DE LA ARAUCANIA
DE LA ARAUCANIA,ANGOL,140,46976,24808,52.81,98,98-ANGOL,1095,1095-DE LA ARAUCANIA
DE LA ARAUCANIA,CARAHUE,78,24663,11718,47.51,77,77-CARAHUE,1095,1095-DE LA ARAUCANIA
DE LA ARAUCANIA,CHOLCHOL,33,11149,6113,54.83,78,78-CHOLCHOL,1095,1095-DE LA ARAUCANIA
DE LA ARAUCANIA,COLLIPULLI,67,22172,11311,51.01,99,99-COLLIPULLI,1095,1095-DE LA ARAUCANIA
DE LA ARAUCANIA,CUNCO,62,20105,9318,46.35,79,79-CUNCO,1095,1095-DE LA ARAUCANIA
DE LA ARAUCANIA,CURACAUTIN,63,21097,9109,43.18,100,100-CURACAUTIN,1095,1095-DE LA ARAUCANIA
DE LA ARAUCANIA,CURARREHUE,25,8521,3922,46.03,80,80-CURARREHUE,1095,1095-DE LA ARAUCANIA
DE LA ARAUCANIA,ERCILLA,28,8036,3908,48.63,101,101-ERCILLA,1095,1095-DE LA ARAUCANIA
DE LA ARAUCANIA,FREIRE,77,22892,11128,48.61,81,81-FREIRE,1095,1095-DE LA ARAUCANIA
DE LA ARAUCANIA,GALVARINO,37,12092,6127,50.67,82,82-GALVARINO,1095,1095-DE LA ARAUCANIA
DE LA ARAUCANIA,GORBEA,49,15651,8109,51.81,83,83-GORBEA,1095,1095-DE LA ARAUCANIA
DE LA ARAUCANIA,LAUTARO,102,34520,17994,52.13,84,84-LAUTARO,1095,1095-DE LA ARAUCANIA
DE LA ARAUCANIA,LONCOCHE,76,23234,11307,48.67,85,85-LONCOCHE,1095,1095-DE LA ARAUCANIA
DE LA ARAUCANIA,LONQUIMAY,40,12115,5445,44.94,102,102-LONQUIMAY,1095,1095-DE LA ARAUCANIA
DE LA ARAUCANIA,LOS SAUCES,26,7464,4037,54.09,103,103-LOS SAUCES,1095,1095-DE LA ARAUCANIA
DE LA ARAUCANIA,LUMACO,35,9187,5158,56.14,104,104-LUMACO,1095,1095-DE LA ARAUCANIA
DE LA ARAUCANIA,MELIPEUCO,23,7723,3200,41.43,86,86-MELIPEUCO,1095,1095-DE LA ARAUCANIA
DE LA ARAUCANIA,NUEVA IMPERIAL,91,30850,16110,52.22,87,87-NUEVA IMPERIAL,1095,1095-DE LA ARAUCANIA
DE LA ARAUCANIA,PADRE LAS CASAS,175,59516,30519,51.28,88,88-PADRE LAS CASAS,1095,1095-DE LA ARAUCANIA
DE LA ARAUCANIA,PERQUENCO,21,6814,3762,55.21,89,89-PERQUENCO,1095,1095-DE LA ARAUCANIA
DE LA ARAUCANIA,PITRUFQUEN,69,23226,12137,52.26,90,90-PITRUFQUEN,1095,1095-DE LA ARAUCANIA
DE LA ARAUCANIA,PUCON,86,29594,15024,50.77,91,91-PUCON,1095,1095-DE LA ARAUCANIA
DE LA ARAUCANIA,PUREN,39,12240,6451,52.7,105,105-PUREN,1095,1095-DE LA ARAUCANIA
DE LA ARAUCANIA,RENAICO,36,9806,5113,52.14,106,106-RENAICO,1095,1095-DE LA ARAUCANIA
DE LA ARAUCANIA,SAAVEDRA,40,13239,6324,47.77,92,92-SAAVEDRA,1095,1095-DE LA ARAUCANIA
DE LA ARAUCANIA,TEMUCO,904,238028,136979,57.55,93,93-TEMUCO,1095,1095-DE LA ARAUCANIA
DE LA ARAUCANIA,TEODORO SCHMIDT,52,14052,7737,55.06,94,94-TEODORO SCHMIDT,1095,1095-DE LA ARAUCANIA
DE LA ARAUCANIA,TOLTEN,33,10554,5405,51.21,95,95-TOLTEN,1095,1095-DE LA ARAUCANIA
DE LA ARAUCANIA,TRAIGUEN,65,18595,9720,52.27,107,107-TRAIGUEN,1095,1095-DE LA ARAUCANIA
DE LA ARAUCANIA,VICTORIA,111,32607,17312,53.09,108,108-VICTORIA,1095,1095-DE LA ARAUCANIA
DE LA ARAUCANIA,VILCUN,75,24718,13109,53.03,96,96-VILCUN,1095,1095-DE LA ARAUCANIA
DE LA ARAUCANIA,VILLARRICA,165,56170,29240,52.06,97,97-VILLARRICA,1095,1095-DE LA ARAUCANIA
DE LOS RIOS,TOTAL,1100,353056,190830,54.05,-99,total,1094,1094-DE LOS RIOS
DE LOS RIOS,CORRAL,18,5546,2863,51.62,138,138-CORRAL,1094,1094-DE LOS RIOS
DE LOS RIOS,FUTRONO,46,14801,7776,52.54,139,139-FUTRONO,1094,1094-DE LOS RIOS
DE LOS RIOS,LA UNION,110,35752,18968,53.05,140,140-LA UNION,1094,1094-DE LOS RIOS
DE LOS RIOS,LAGO RANCO,37,9616,5091,52.94,141,141-LAGO RANCO,1094,1094-DE LOS RIOS
DE LOS RIOS,LANCO,50,16367,8388,51.25,142,142-LANCO,1094,1094-DE LOS RIOS
DE LOS RIOS,LOS LAGOS,62,19109,9401,49.2,143,143-LOS LAGOS,1094,1094-DE LOS RIOS
DE LOS RIOS,MAFIL,24,7191,3839,53.39,144,144-MAFIL,1094,1094-DE LOS RIOS
DE LOS RIOS,MARIQUINA,64,19123,9435,49.34,145,145-MARIQUINA,1094,1094-DE LOS RIOS
DE LOS RIOS,PAILLACO,66,19298,10145,52.57,146,146-PAILLACO,1094,1094-DE LOS RIOS
DE LOS RIOS,PANGUIPULLI,108,35619,16173,45.41,147,147-PANGUIPULLI,1094,1094-DE LOS RIOS
DE LOS RIOS,RIO BUENO,103,30798,15983,51.9,148,148-RIO BUENO,1094,1094-DE LOS RIOS
DE LOS RIOS,VALDIVIA,412,139836,82768,59.19,149,149-VALDIVIA,1094,1094-DE LOS RIOS
DE LOS LAGOS,TOTAL,2345,746353,387776,51.96,-99,total,1093,1093-DE LOS LAGOS
DE LOS LAGOS,ANCUD,120,38912,18803,48.32,342,342-ANCUD,1093,1093-DE LOS LAGOS
DE LOS LAGOS,CALBUCO,97,32505,14104,43.39,118,118-CALBUCO,1093,1093-DE LOS LAGOS
DE LOS LAGOS,CASTRO,135,41866,20819,49.73,109,109-CASTRO,1093,1093-DE LOS LAGOS
DE LOS LAGOS,CHAITEN,17,5094,1995,39.16,134,134-CHAITEN,1093,1093-DE LOS LAGOS
DE LOS LAGOS,CHONCHI,40,13357,6422,48.08,110,110-CHONCHI,1093,1093-DE LOS LAGOS
DE LOS LAGOS,COCHAMO,16,4636,1949,42.04,119,119-COCHAMO,1093,1093-DE LOS LAGOS
DE LOS LAGOS,CURACO DE VELEZ,12,3770,1832,48.59,111,111-CURACO DE VELEZ,1093,1093-DE LOS LAGOS
DE LOS LAGOS,DALCAHUE,38,12772,5710,44.71,112,112-DALCAHUE,1093,1093-DE LOS LAGOS
DE LOS LAGOS,FRESIA,42,12172,6484,53.27,120,120-FRESIA,1093,1093-DE LOS LAGOS
DE LOS LAGOS,FRUTILLAR,51,17227,9704,56.33,121,121-FRUTILLAR,1093,1093-DE LOS LAGOS
DE LOS LAGOS,FUTALEUFU,12,3885,1432,36.86,135,135-FUTALEUFU,1093,1093-DE LOS LAGOS
DE LOS LAGOS,HUALAIHUE,29,8774,4281,48.79,136,136-HUALAIHUE,1093,1093-DE LOS LAGOS
DE LOS LAGOS,LLANQUIHUE,48,16207,9133,56.35,122,122-LLANQUIHUE,1093,1093-DE LOS LAGOS
DE LOS LAGOS,LOS MUERMOS,49,16423,8151,49.63,123,123-LOS MUERMOS,1093,1093-DE LOS LAGOS
DE LOS LAGOS,MAULLIN,58,15329,6957,45.38,124,124-MAULLIN,1093,1093-DE LOS LAGOS
DE LOS LAGOS,OSORNO,459,143216,79062,55.2,127,127-OSORNO,1093,1093-DE LOS LAGOS
DE LOS LAGOS,PALENA,7,2322,898,38.67,137,137-PALENA,1093,1093-DE LOS LAGOS
DE LOS LAGOS,PUERTO MONTT,573,189727,102681,54.12,125,125-PUERTO MONTT,1093,1093-DE LOS LAGOS
DE LOS LAGOS,PUERTO OCTAY,30,9074,4734,52.17,128,128-PUERTO OCTAY,1093,1093-DE LOS LAGOS
DE LOS LAGOS,PUERTO VARAS,128,43875,26680,60.81,126,126-PUERTO VARAS,1093,1093-DE LOS LAGOS
DE LOS LAGOS,PUQUELDON,14,4406,1785,40.51,113,113-PUQUELDON,1093,1093-DE LOS LAGOS
DE LOS LAGOS,PURRANQUE,71,19788,10451,52.81,129,129-PURRANQUE,1093,1093-DE LOS LAGOS
DE LOS LAGOS,PUYEHUE,35,11691,6386,54.62,130,130-PUYEHUE,1093,1093-DE LOS LAGOS
DE LOS LAGOS,QUEILEN,19,6234,2700,43.31,114,114-QUEILEN,1093,1093-DE LOS LAGOS
DE LOS LAGOS,QUELLON,70,23017,10151,44.1,115,115-QUELLON,1093,1093-DE LOS LAGOS
DE LOS LAGOS,QUEMCHI,34,8963,3704,41.33,116,116-QUEMCHI,1093,1093-DE LOS LAGOS
DE LOS LAGOS,QUINCHAO,32,9251,3581,38.71,117,117-QUINCHAO,1093,1093-DE LOS LAGOS
DE LOS LAGOS,RIO NEGRO,46,13459,7249,53.86,131,131-RIO NEGRO,1093,1093-DE LOS LAGOS
DE LOS LAGOS,SAN JUAN DE LA COSTA,32,8249,4342,52.64,132,132-SAN JUAN DE LA COSTA,1093,1093-DE LOS LAGOS
DE LOS LAGOS,SAN PABLO,31,10152,5596,55.12,133,133-SAN PABLO,1093,1093-DE LOS LAGOS
DE AYSEN DEL GENERAL CARLOS IBAÑEZ DEL CAMPO,TOTAL,316,98558,46489,47.17,-99,total,1088,1088-DE AYSEN DEL GENERAL CARLOS IBAÑEZ DEL CAMPO
DE AYSEN DEL GENERAL CARLOS IBAÑEZ DEL CAMPO,AYSEN,70,22646,10385,45.86,11007,11007-AYSEN,1088,1088-DE AYSEN DEL GENERAL CARLOS IBAÑEZ DEL CAMPO
DE AYSEN DEL GENERAL CARLOS IBAÑEZ DEL CAMPO,CHILE CHICO,20,6423,2297,35.76,393,393-CHILE CHICO,1088,1088-DE AYSEN DEL GENERAL CARLOS IBAÑEZ DEL CAMPO
DE AYSEN DEL GENERAL CARLOS IBAÑEZ DEL CAMPO,CISNES,18,4642,2444,52.65,12157,12157-CISNES,1088,1088-DE AYSEN DEL GENERAL CARLOS IBAÑEZ DEL CAMPO
DE AYSEN DEL GENERAL CARLOS IBAÑEZ DEL CAMPO,COCHRANE,13,3384,1659,49.02,3515,3515-COCHRANE,1088,1088-DE AYSEN DEL GENERAL CARLOS IBAÑEZ DEL CAMPO
DE AYSEN DEL GENERAL CARLOS IBAÑEZ DEL CAMPO,COYHAIQUE,167,54221,26361,48.62,10993,10993-COYHAIQUE,1088,1088-DE AYSEN DEL GENERAL CARLOS IBAÑEZ DEL CAMPO
DE AYSEN DEL GENERAL CARLOS IBAÑEZ DEL CAMPO,GUAITECAS,6,1696,630,37.15,6751,6751-GUAITECAS,1088,1088-DE AYSEN DEL GENERAL CARLOS IBAÑEZ DEL CAMPO
DE AYSEN DEL GENERAL CARLOS IBAÑEZ DEL CAMPO,LAGO VERDE,5,1247,583,46.75,457,457-LAGO VERDE,1088,1088-DE AYSEN DEL GENERAL CARLOS IBAÑEZ DEL CAMPO
DE AYSEN DEL GENERAL CARLOS IBAÑEZ DEL CAMPO,O'HIGGINS,3,758,321,42.35,5,5-O'HIGGINS,1088,1088-DE AYSEN DEL GENERAL CARLOS IBAÑEZ DEL CAMPO
DE AYSEN DEL GENERAL CARLOS IBAÑEZ DEL CAMPO,RIO IBAÑEZ,12,2971,1568,52.78,10,10-RIO IBAÑEZ,1088,1088-DE AYSEN DEL GENERAL CARLOS IBAÑEZ DEL CAMPO
DE AYSEN DEL GENERAL CARLOS IBAÑEZ DEL CAMPO,TORTEL,2,570,241,42.28,2047,2047-TORTEL,1088,1088-DE AYSEN DEL GENERAL CARLOS IBAÑEZ DEL CAMPO
DE MAGALLANES Y DE LA ANTARTICA CHILENA,TOTAL,517,158483,78936,49.81,-99,total,1087,1087-DE MAGALLANES Y DE LA ANTARTICA CHILENA
DE MAGALLANES Y DE LA ANTARTICA CHILENA,ANTARTICA,1,233,33,14.16,-99,ANTARTICA,1087,1087-DE MAGALLANES Y DE LA ANTARTICA CHILENA
DE MAGALLANES Y DE LA ANTARTICA CHILENA,CABO DE HORNOS,6,1862,768,41.25,5468,5468-CABO DE HORNOS,1087,1087-DE MAGALLANES Y DE LA ANTARTICA CHILENA
DE MAGALLANES Y DE LA ANTARTICA CHILENA,LAGUNA BLANCA,3,822,344,41.85,150,150-LAGUNA BLANCA,1087,1087-DE MAGALLANES Y DE LA ANTARTICA CHILENA
DE MAGALLANES Y DE LA ANTARTICA CHILENA,NATALES,69,22672,9588,42.29,22513,22513-NATALES,1087,1087-DE MAGALLANES Y DE LA ANTARTICA CHILENA
DE MAGALLANES Y DE LA ANTARTICA CHILENA,PORVENIR,20,6108,2425,39.7,345,345-PORVENIR,1087,1087-DE MAGALLANES Y DE LA ANTARTICA CHILENA
DE MAGALLANES Y DE LA ANTARTICA CHILENA,PRIMAVERA,4,1229,321,26.12,4572,4572-PRIMAVERA,1087,1087-DE MAGALLANES Y DE LA ANTARTICA CHILENA
DE MAGALLANES Y DE LA ANTARTICA CHILENA,PUNTA ARENAS,400,121724,64075,52.64,17170,17170-PUNTA ARENAS,1087,1087-DE MAGALLANES Y DE LA ANTARTICA CHILENA
DE MAGALLANES Y DE LA ANTARTICA CHILENA,RIO VERDE,3,750,293,39.07,10800,10800-RIO VERDE,1087,1087-DE MAGALLANES Y DE LA ANTARTICA CHILENA
DE MAGALLANES Y DE LA ANTARTICA CHILENA,SAN GREGORIO,2,715,265,37.06,153,153-SAN GREGORIO,1087,1087-DE MAGALLANES Y DE LA ANTARTICA CHILENA
DE MAGALLANES Y DE LA ANTARTICA CHILENA,TIMAUKEL,3,734,120,16.35,343,343-TIMAUKEL,1087,1087-DE MAGALLANES Y DE LA ANTARTICA CHILENA
DE MAGALLANES Y DE LA ANTARTICA CHILENA,TORRES DEL PAINE,6,1634,704,43.08,10982,10982-TORRES DEL PAINE,1087,1087-DE MAGALLANES Y DE LA ANTARTICA CHILENA
