Region,City,Boric,Boric_per,Kast,Kast_per,Votos_Emitidos,Votos_Emitidos_per,Votos_Nulos,Votos_Nulos_per,Votos_Blancos,Votos_Blancos_per,Votos_Total,Votos_Total_per,City_id,City_with_id,Region_id,Region_with_id
DE ARICA Y PARINACOTA,total,44236,50.58,43229,49.42,87465,98.76,843,0.95,257,0.29,88565,100.0,-99,total,1084,1084-DE ARICA Y PARINACOTA
DE ARICA Y PARINACOTA,ARICA,43248,50.98,41586,49.02,84834,98.78,804,0.94,247,0.29,85885,100.0,157,157-ARICA,1084,1084-DE ARICA Y PARINACOTA
DE ARICA Y PARINACOTA,CAMARONES,430,49.2,444,50.8,874,98.76,7,0.79,4,0.45,885,100.0,22534,22534-CAMARONES,1084,1084-DE ARICA Y PARINACOTA
DE ARICA Y PARINACOTA,GENERAL LAGOS,65,20.57,251,79.43,316,96.93,9,2.76,1,0.31,326,100.0,164,164-GENERAL LAGOS,1084,1084-DE ARICA Y PARINACOTA
DE ARICA Y PARINACOTA,PUTRE,493,34.21,948,65.79,1441,98.09,23,1.57,5,0.34,1469,100.0,165,165-PUTRE,1084,1084-DE ARICA Y PARINACOTA
DE TARAPACA,total,55476,48.68,58486,51.32,113962,98.75,1108,0.96,329,0.29,115399,100.0,-99,total,1085,1085-DE TARAPACA
DE TARAPACA,ALTO HOSPICIO,11971,50.16,11897,49.84,23868,98.58,279,1.15,64,0.26,24211,100.0,340,340-ALTO HOSPICIO,1085,1085-DE TARAPACA
DE TARAPACA,CAMIÑA,151,17.62,706,82.38,857,98.96,9,1.04,0,0.0,866,100.0,159,159-CAMIÑA,1085,1085-DE TARAPACA
DE TARAPACA,COLCHANE,52,5.31,928,94.69,980,99.59,3,0.3,1,0.1,984,100.0,160,160-COLCHANE,1085,1085-DE TARAPACA
DE TARAPACA,HUARA,545,35.5,990,64.5,1535,98.52,18,1.16,5,0.32,1558,100.0,161,161-HUARA,1085,1085-DE TARAPACA
DE TARAPACA,IQUIQUE,39346,49.54,40072,50.46,79418,98.79,733,0.91,238,0.3,80389,100.0,163,163-IQUIQUE,1085,1085-DE TARAPACA
DE TARAPACA,PICA,1290,47.37,1433,52.63,2723,99.34,12,0.44,6,0.22,2741,100.0,162,162-PICA,1085,1085-DE TARAPACA
DE TARAPACA,POZO ALMONTE,2121,46.3,2460,53.7,4581,98.52,54,1.16,15,0.32,4650,100.0,22536,22536-POZO ALMONTE,1085,1085-DE TARAPACA
DE ANTOFAGASTA,total,127850,59.78,86019,40.22,213869,98.55,2513,1.16,630,0.29,217012,100.0,-99,total,1086,1086-DE ANTOFAGASTA
DE ANTOFAGASTA,ANTOFAGASTA,80734,60.38,52976,39.62,133710,98.69,1392,1.03,388,0.29,135490,100.0,11,11-ANTOFAGASTA,1086,1086-DE ANTOFAGASTA
DE ANTOFAGASTA,CALAMA,30837,54.59,25654,45.41,56491,98.18,873,1.52,177,0.31,57541,100.0,15,15-CALAMA,1086,1086-DE ANTOFAGASTA
DE ANTOFAGASTA,MARIA ELENA,1350,73.93,476,26.07,1826,98.44,24,1.29,5,0.27,1855,100.0,18,18-MARIA ELENA,1086,1086-DE ANTOFAGASTA
DE ANTOFAGASTA,MEJILLONES,3050,68.57,1398,31.43,4448,98.52,54,1.2,13,0.29,4515,100.0,12,12-MEJILLONES,1086,1086-DE ANTOFAGASTA
DE ANTOFAGASTA,OLLAGUE,102,45.54,122,54.46,224,95.73,6,2.56,4,1.71,234,100.0,16,16-OLLAGUE,1086,1086-DE ANTOFAGASTA
DE ANTOFAGASTA,SAN PEDRO DE ATACAMA,2217,67.41,1072,32.59,3289,98.33,44,1.32,12,0.36,3345,100.0,23339,23339-SAN PEDRO DE ATACAMA,1086,1086-DE ANTOFAGASTA
DE ANTOFAGASTA,SIERRA GORDA,430,60.82,277,39.18,707,98.88,5,0.7,3,0.42,715,100.0,13,13-SIERRA GORDA,1086,1086-DE ANTOFAGASTA
DE ANTOFAGASTA,TALTAL,3078,69.01,1382,30.99,4460,99.11,25,0.56,15,0.33,4500,100.0,23528,23528-TALTAL,1086,1086-DE ANTOFAGASTA
DE ANTOFAGASTA,TOCOPILLA,6052,69.45,2662,30.55,8714,98.83,90,1.02,13,0.15,8817,100.0,19,19-TOCOPILLA,1086,1086-DE ANTOFAGASTA
DE ATACAMA,total,76194,65.43,40265,34.57,116459,98.91,993,0.84,292,0.25,117744,100.0,-99,total,1089,1089-DE ATACAMA
DE ATACAMA,ALTO DEL CARMEN,1236,63.81,701,36.19,1937,98.58,23,1.17,5,0.25,1965,100.0,25,25-ALTO DEL CARMEN,1089,1089-DE ATACAMA
DE ATACAMA,CALDERA,5485,68.74,2494,31.26,7979,98.92,67,0.83,20,0.25,8066,100.0,22526,22526-CALDERA,1089,1089-DE ATACAMA
DE ATACAMA,CHAÑARAL,4004,73.47,1446,26.53,5450,99.04,38,0.69,15,0.27,5503,100.0,22525,22525-CHAÑARAL,1089,1089-DE ATACAMA
DE ATACAMA,COPIAPO,38215,61.71,23707,38.29,61922,98.92,521,0.83,153,0.24,62596,100.0,23,23-COPIAPO,1089,1089-DE ATACAMA
DE ATACAMA,DIEGO DE ALMAGRO,3932,75.43,1281,24.57,5213,98.62,59,1.12,14,0.26,5286,100.0,21,21-DIEGO DE ALMAGRO,1089,1089-DE ATACAMA
DE ATACAMA,FREIRINA,2132,74.08,746,25.92,2878,98.97,23,0.79,7,0.24,2908,100.0,22528,22528-FREIRINA,1089,1089-DE ATACAMA
DE ATACAMA,HUASCO,3131,72.09,1212,27.91,4343,98.97,36,0.82,9,0.21,4388,100.0,22531,22531-HUASCO,1089,1089-DE ATACAMA
DE ATACAMA,TIERRA AMARILLA,3656,66.47,1844,33.53,5500,98.74,50,0.9,20,0.36,5570,100.0,24,24-TIERRA AMARILLA,1089,1089-DE ATACAMA
DE ATACAMA,VALLENAR,14403,67.82,6834,32.18,21237,98.95,176,0.82,49,0.23,21462,100.0,28,28-VALLENAR,1089,1089-DE ATACAMA
DE COQUIMBO,total,199184,63.29,115545,36.71,314729,98.86,2658,0.83,969,0.3,318356,100.0,-99,total,1090,1090-DE COQUIMBO
DE COQUIMBO,ANDACOLLO,4274,74.28,1480,25.72,5754,98.65,61,1.05,18,0.31,5833,100.0,66,66-ANDACOLLO,1090,1090-DE COQUIMBO
DE COQUIMBO,CANELA,3325,68.95,1497,31.05,4822,99.16,20,0.41,21,0.43,4863,100.0,62,62-CANELA,1090,1090-DE COQUIMBO
DE COQUIMBO,COMBARBALA,3876,67.13,1898,32.87,5774,99.07,40,0.69,14,0.24,5828,100.0,72,72-COMBARBALA,1090,1090-DE COQUIMBO
DE COQUIMBO,COQUIMBO,53671,62.73,31884,37.27,85555,98.82,769,0.89,255,0.29,86579,100.0,67,67-COQUIMBO,1090,1090-DE COQUIMBO
DE COQUIMBO,ILLAPEL,9971,70.17,4239,29.83,14210,99.06,95,0.66,40,0.28,14345,100.0,63,63-ILLAPEL,1090,1090-DE COQUIMBO
DE COQUIMBO,LA HIGUERA,1300,66.53,654,33.47,1954,99.29,10,0.51,4,0.2,1968,100.0,68,68-LA HIGUERA,1090,1090-DE COQUIMBO
DE COQUIMBO,LA SERENA,59745,60.38,39209,39.62,98954,98.85,852,0.85,295,0.29,100101,100.0,69,69-LA SERENA,1090,1090-DE COQUIMBO
DE COQUIMBO,LOS VILOS,6614,68.32,3067,31.68,9681,99.09,67,0.69,22,0.23,9770,100.0,64,64-LOS VILOS,1090,1090-DE COQUIMBO
DE COQUIMBO,MONTE PATRIA,7966,67.0,3924,33.0,11890,98.64,109,0.9,55,0.46,12054,100.0,73,73-MONTE PATRIA,1090,1090-DE COQUIMBO
DE COQUIMBO,OVALLE,27498,62.87,16242,37.13,43740,98.83,385,0.87,135,0.31,44260,100.0,74,74-OVALLE,1090,1090-DE COQUIMBO
DE COQUIMBO,PAIHUANO,1648,60.48,1077,39.52,2725,98.95,22,0.8,7,0.25,2754,100.0,70,70-PAIHUANO,1090,1090-DE COQUIMBO
DE COQUIMBO,PUNITAQUI,3043,66.72,1518,33.28,4561,98.64,40,0.87,23,0.5,4624,100.0,75,75-PUNITAQUI,1090,1090-DE COQUIMBO
DE COQUIMBO,RIO HURTADO,1137,56.32,882,43.68,2019,98.25,19,0.92,17,0.83,2055,100.0,76,76-RIO HURTADO,1090,1090-DE COQUIMBO
DE COQUIMBO,SALAMANCA,7357,64.33,4080,35.67,11437,98.97,83,0.72,36,0.31,11556,100.0,65,65-SALAMANCA,1090,1090-DE COQUIMBO
DE COQUIMBO,VICUÑA,7759,66.58,3894,33.42,11653,99.04,86,0.73,27,0.23,11766,100.0,71,71-VICUÑA,1090,1090-DE COQUIMBO
DE VALPARAISO,total,545010,59.3,374010,40.7,919020,98.9,7730,0.83,2462,0.26,929212,100.0,-99,total,1091,1091-DE VALPARAISO
DE VALPARAISO,ALGARROBO,4580,47.33,5096,52.67,9676,99.14,61,0.62,23,0.24,9760,100.0,183,183-ALGARROBO,1091,1091-DE VALPARAISO
DE VALPARAISO,CABILDO,6590,68.21,3071,31.79,9661,99.03,71,0.73,24,0.25,9756,100.0,171,171-CABILDO,1091,1091-DE VALPARAISO
DE VALPARAISO,CALERA,16264,66.08,8347,33.92,24611,98.99,194,0.78,56,0.23,24861,100.0,176,176-CALERA,1091,1091-DE VALPARAISO
DE VALPARAISO,CALLE LARGA,4309,63.05,2525,36.95,6834,98.84,62,0.9,18,0.26,6914,100.0,18293,18293-CALLE LARGA,1091,1091-DE VALPARAISO
DE VALPARAISO,CARTAGENA,6229,58.63,4395,41.37,10624,99.09,75,0.7,23,0.21,10722,100.0,184,184-CARTAGENA,1091,1091-DE VALPARAISO
DE VALPARAISO,CASABLANCA,7086,54.07,6019,45.93,13105,99.0,102,0.77,31,0.23,13238,100.0,195,195-CASABLANCA,1091,1091-DE VALPARAISO
DE VALPARAISO,CATEMU,4026,64.0,2265,36.0,6291,99.04,49,0.77,12,0.19,6352,100.0,189,189-CATEMU,1091,1091-DE VALPARAISO
DE VALPARAISO,CONCON,12555,45.54,15012,54.46,27567,98.45,304,1.09,131,0.47,28002,100.0,196,196-CONCON,1091,1091-DE VALPARAISO
DE VALPARAISO,EL QUISCO,5413,57.68,3972,42.32,9385,99.14,68,0.72,13,0.14,9466,100.0,185,185-EL QUISCO,1091,1091-DE VALPARAISO
DE VALPARAISO,EL TABO,5030,60.48,3287,39.52,8317,99.11,60,0.71,15,0.18,8392,100.0,186,186-EL TABO,1091,1091-DE VALPARAISO
DE VALPARAISO,HIJUELAS,4721,56.11,3693,43.89,8414,98.78,76,0.89,28,0.33,8518,100.0,177,177-HIJUELAS,1091,1091-DE VALPARAISO
DE VALPARAISO,ISLA DE PASCUA,2016,70.27,853,29.73,2869,98.15,39,1.33,15,0.51,2923,100.0,18434,18434-ISLA DE PASCUA,1091,1091-DE VALPARAISO
DE VALPARAISO,JUAN FERNANDEZ,282,70.5,118,29.5,400,99.75,0,0.0,1,0.25,401,100.0,18680,18680-JUAN FERNANDEZ,1091,1091-DE VALPARAISO
DE VALPARAISO,LA CRUZ,5571,53.13,4915,46.87,10486,98.67,109,1.03,32,0.3,10627,100.0,178,178-LA CRUZ,1091,1091-DE VALPARAISO
DE VALPARAISO,LA LIGUA,10990,62.13,6698,37.87,17688,99.13,117,0.66,39,0.22,17844,100.0,172,172-LA LIGUA,1091,1091-DE VALPARAISO
DE VALPARAISO,LIMACHE,12427,54.87,10222,45.13,22649,98.84,202,0.88,64,0.28,22915,100.0,179,179-LIMACHE,1091,1091-DE VALPARAISO
DE VALPARAISO,LLAILLAY,19279,59.77,12976,40.23,32255,98.84,282,0.86,96,0.29,32633,100.0,190,190-LLAILLAY,1091,1091-DE VALPARAISO
DE VALPARAISO,LOS ANDES,19279,59.77,12976,40.23,32255,98.84,282,0.86,96,0.29,32633,100.0,168,168-LOS ANDES,1091,1091-DE VALPARAISO
DE VALPARAISO,NOGALES,7511,69.13,3354,30.87,10865,98.95,78,0.71,37,0.34,10980,100.0,180,180-NOGALES,1091,1091-DE VALPARAISO
DE VALPARAISO,OLMUE,4771,51.22,4543,48.78,9314,98.89,85,0.9,20,0.21,9419,100.0,181,181-OLMUE,1091,1091-DE VALPARAISO
DE VALPARAISO,PANQUEHUE,2398,60.88,1541,39.12,3939,99.17,25,0.63,8,0.2,3972,100.0,191,191-PANQUEHUE,1091,1091-DE VALPARAISO
DE VALPARAISO,PAPUDO,2318,54.07,1969,45.93,4287,99.12,33,0.76,5,0.12,4325,100.0,173,173-PAPUDO,1091,1091-DE VALPARAISO
DE VALPARAISO,PETORCA,3678,72.86,1370,27.14,5048,98.94,42,0.82,12,0.24,5102,100.0,174,174-PETORCA,1091,1091-DE VALPARAISO
DE VALPARAISO,PUCHUNCAVI,6088,60.31,4007,39.69,10095,98.86,79,0.77,37,0.36,10211,100.0,23471,23471-PUCHUNCAVI,1091,1091-DE VALPARAISO
DE VALPARAISO,PUTAENDO,5049,65.36,2676,34.64,7725,99.09,51,0.65,20,0.26,7796,100.0,192,192-PUTAENDO,1091,1091-DE VALPARAISO
DE VALPARAISO,QUILLOTA,23622,56.03,18538,43.97,42160,98.98,335,0.79,100,0.23,42595,100.0,182,182-QUILLOTA,1091,1091-DE VALPARAISO
DE VALPARAISO,QUILPUE,46570,57.9,33856,42.1,80426,98.92,685,0.84,197,0.24,81308,100.0,199,199-QUILPUE,1091,1091-DE VALPARAISO
DE VALPARAISO,QUINTERO,8623,61.37,5427,38.63,14050,98.89,108,0.76,50,0.35,14208,100.0,200,200-QUINTERO,1091,1091-DE VALPARAISO
DE VALPARAISO,RINCONADA,3487,58.77,2446,41.23,5933,99.26,34,0.57,10,0.17,5977,100.0,169,169-RINCONADA,1091,1091-DE VALPARAISO
DE VALPARAISO,SAN ANTONIO,32363,70.35,13640,29.65,46003,99.1,323,0.7,97,0.21,46423,100.0,187,187-SAN ANTONIO,1091,1091-DE VALPARAISO
DE VALPARAISO,SAN ESTEBAN,5322,58.79,3731,41.21,9053,98.52,110,1.2,26,0.28,9189,100.0,170,170-SAN ESTEBAN,1091,1091-DE VALPARAISO
DE VALPARAISO,SAN FELIPE,20196,59.9,13519,40.1,33715,98.96,257,0.75,98,0.29,34070,100.0,193,193-SAN FELIPE,1091,1091-DE VALPARAISO
DE VALPARAISO,SANTA MARIA,3833,57.14,2875,42.86,6708,98.81,64,0.94,17,0.25,6789,100.0,194,194-SANTA MARIA,1091,1091-DE VALPARAISO
DE VALPARAISO,SANTO DOMINGO,3484,41.9,4832,58.1,8316,98.89,74,0.88,19,0.23,8409,100.0,188,188-SANTO DOMINGO,1091,1091-DE VALPARAISO
DE VALPARAISO,VALPARAISO,99453,65.67,51992,34.33,151445,98.93,1258,0.82,379,0.25,153082,100.0,201,201-VALPARAISO,1091,1091-DE VALPARAISO
DE VALPARAISO,VILLA ALEMANA,33951,56.69,25937,43.31,59888,98.84,551,0.91,151,0.25,60590,100.0,202,202-VILLA ALEMANA,1091,1091-DE VALPARAISO
DE VALPARAISO,VIÑA DEL MAR,93427,54.76,77174,45.24,170601,98.85,1497,0.87,493,0.29,172591,100.0,203,203-VIÑA DEL MAR,1091,1091-DE VALPARAISO
DE VALPARAISO,ZAPALLAR,2745,43.83,3518,56.17,6263,98.14,82,1.28,37,0.58,6382,100.0,175,175-ZAPALLAR,1091,1091-DE VALPARAISO
METROPOLITANA DE SANTIAGO,total,2063639,60.33,1357007,39.67,3420646,98.87,28609,0.83,10526,0.3,3459781,100.0,-99,total,1092,1092-METROPOLITANA DE SANTIAGO
METROPOLITANA DE SANTIAGO,ALHUE,1952,64.13,1092,35.87,3044,99.41,9,0.29,9,0.29,3062,100.0,298,298-ALHUE,1092,1092-METROPOLITANA DE SANTIAGO
METROPOLITANA DE SANTIAGO,BUIN,26268,56.3,20391,43.7,46659,99.02,358,0.76,105,0.22,47122,100.0,294,294-BUIN,1092,1092-METROPOLITANA DE SANTIAGO
METROPOLITANA DE SANTIAGO,CALERA DE TANGO,7141,50.02,7135,49.98,14276,98.95,107,0.74,45,0.31,14428,100.0,295,295-CALERA DE TANGO,1092,1092-METROPOLITANA DE SANTIAGO
METROPOLITANA DE SANTIAGO,CERRILLOS,24001,63.46,13818,36.54,37819,99.14,257,0.67,70,0.18,38146,100.0,303,303-CERRILLOS,1092,1092-METROPOLITANA DE SANTIAGO
METROPOLITANA DE SANTIAGO,CERRO NAVIA,42576,70.23,18051,29.77,60627,99.2,358,0.59,128,0.21,61113,100.0,304,304-CERRO NAVIA,1092,1092-METROPOLITANA DE SANTIAGO
METROPOLITANA DE SANTIAGO,COLINA,22453,40.75,32653,59.25,55106,98.73,509,0.91,198,0.35,55813,100.0,288,288-COLINA,1092,1092-METROPOLITANA DE SANTIAGO
METROPOLITANA DE SANTIAGO,CONCHALI,43294,66.86,21464,33.14,64758,99.1,445,0.68,144,0.22,65347,100.0,305,305-CONCHALI,1092,1092-METROPOLITANA DE SANTIAGO
METROPOLITANA DE SANTIAGO,CURACAVI,9652,58.44,6865,41.56,16517,98.97,129,0.77,43,0.26,16689,100.0,299,299-CURACAVI,1092,1092-METROPOLITANA DE SANTIAGO
METROPOLITANA DE SANTIAGO,EL BOSQUE,49629,65.84,25753,34.16,75382,99.16,501,0.66,135,0.18,76018,100.0,306,306-EL BOSQUE,1092,1092-METROPOLITANA DE SANTIAGO
METROPOLITANA DE SANTIAGO,EL MONTE,10139,61.93,6232,38.07,16371,98.84,145,0.88,47,0.28,16563,100.0,335,335-EL MONTE,1092,1092-METROPOLITANA DE SANTIAGO
METROPOLITANA DE SANTIAGO,ESTACION CENTRAL,41330,64.86,22393,35.14,63723,99.03,471,0.73,155,0.24,64349,100.0,18258,18258-ESTACION CENTRAL,1092,1092-METROPOLITANA DE SANTIAGO
METROPOLITANA DE SANTIAGO,HUECHURABA,28683,60.24,18931,39.76,47614,98.65,493,1.02,161,0.33,48268,100.0,308,308-HUECHURABA,1092,1092-METROPOLITANA DE SANTIAGO
METROPOLITANA DE SANTIAGO,INDEPENDENCIA,24430,61.17,15505,38.83,39935,98.98,291,0.72,119,0.29,40345,100.0,309,309-INDEPENDENCIA,1092,1092-METROPOLITANA DE SANTIAGO
METROPOLITANA DE SANTIAGO,ISLA DE MAIPO,10118,58.62,7141,41.38,17259,99.25,97,0.56,34,0.2,17390,100.0,336,336-ISLA DE MAIPO,1092,1092-METROPOLITANA DE SANTIAGO
METROPOLITANA DE SANTIAGO,LA CISTERNA,28899,60.48,18881,39.52,47780,99.07,357,0.74,91,0.19,48228,100.0,310,310-LA CISTERNA,1092,1092-METROPOLITANA DE SANTIAGO
METROPOLITANA DE SANTIAGO,LA FLORIDA,125000,64.76,68018,35.24,193018,99.05,1403,0.72,445,0.23,194866,100.0,311,311-LA FLORIDA,1092,1092-METROPOLITANA DE SANTIAGO
METROPOLITANA DE SANTIAGO,LA GRANJA,38965,70.25,16501,29.75,55466,99.18,339,0.61,117,0.21,55922,100.0,312,312-LA GRANJA,1092,1092-METROPOLITANA DE SANTIAGO
METROPOLITANA DE SANTIAGO,LA PINTANA,49972,72.93,18549,27.07,68521,99.1,449,0.65,172,0.25,69142,100.0,313,313-LA PINTANA,1092,1092-METROPOLITANA DE SANTIAGO
METROPOLITANA DE SANTIAGO,LA REINA,30753,49.33,31593,50.67,62346,98.03,844,1.33,407,0.64,63597,100.0,314,314-LA REINA,1092,1092-METROPOLITANA DE SANTIAGO
METROPOLITANA DE SANTIAGO,LAMPA,20285,57.34,15090,42.66,35375,98.49,273,0.76,268,0.75,35916,100.0,289,289-LAMPA,1092,1092-METROPOLITANA DE SANTIAGO
METROPOLITANA DE SANTIAGO,LAS CONDES,47733,26.51,132330,73.49,180063,97.74,2934,1.59,1230,0.67,184227,100.0,315,315-LAS CONDES,1092,1092-METROPOLITANA DE SANTIAGO
METROPOLITANA DE SANTIAGO,LO BARNECHEA,12248,21.01,46038,78.99,58286,98.06,859,1.45,294,0.49,59439,100.0,316,316-LO BARNECHEA,1092,1092-METROPOLITANA DE SANTIAGO
METROPOLITANA DE SANTIAGO,LO ESPEJO,34532,73.12,12695,26.88,47227,99.14,295,0.62,115,0.24,47637,100.0,317,317-LO ESPEJO,1092,1092-METROPOLITANA DE SANTIAGO
METROPOLITANA DE SANTIAGO,LO PRADO,33698,68.49,15500,31.51,49198,99.13,345,0.7,86,0.17,49629,100.0,318,318-LO PRADO,1092,1092-METROPOLITANA DE SANTIAGO
METROPOLITANA DE SANTIAGO,MACUL,40364,63.73,22973,36.27,63337,98.94,475,0.74,202,0.32,64014,100.0,319,319-MACUL,1092,1092-METROPOLITANA DE SANTIAGO
METROPOLITANA DE SANTIAGO,MAIPU,167374,66.63,83812,33.37,251186,99.17,1670,0.66,442,0.17,253298,100.0,320,320-MAIPU,1092,1092-METROPOLITANA DE SANTIAGO
METROPOLITANA DE SANTIAGO,MARIA PINTO,3959,57.65,2908,42.35,6867,99.21,41,0.59,14,0.2,6922,100.0,300,300-MARIA PINTO,1092,1092-METROPOLITANA DE SANTIAGO
METROPOLITANA DE SANTIAGO,MELIPILLA,28453,54.71,23555,45.29,52008,99.24,305,0.58,94,0.18,52407,100.0,301,301-MELIPILLA,1092,1092-METROPOLITANA DE SANTIAGO
METROPOLITANA DE SANTIAGO,ÑUÑOA,81608,59.57,55388,40.43,136996,98.56,1413,1.02,593,0.43,139002,100.0,321,321-ÑUÑOA,1092,1092-METROPOLITANA DE SANTIAGO
METROPOLITANA DE SANTIAGO,PADRE HURTADO,19359,65.52,10189,34.48,29548,99.09,203,0.68,69,0.23,29820,100.0,337,337-PADRE HURTADO,1092,1092-METROPOLITANA DE SANTIAGO
METROPOLITANA DE SANTIAGO,PAINE,17617,54.49,14711,45.51,32328,99.06,234,0.72,73,0.22,32635,100.0,296,296-PAINE,1092,1092-METROPOLITANA DE SANTIAGO
METROPOLITANA DE SANTIAGO,PEDRO AGUIRRE CERDA,39838,72.74,14930,27.26,54768,99.08,393,0.71,118,0.21,55279,100.0,322,322-PEDRO AGUIRRE CERDA,1092,1092-METROPOLITANA DE SANTIAGO
METROPOLITANA DE SANTIAGO,PEÑAFLOR,29349,65.93,15169,34.07,44518,99.0,353,0.79,95,0.21,44966,100.0,338,338-PEÑAFLOR,1092,1092-METROPOLITANA DE SANTIAGO
METROPOLITANA DE SANTIAGO,PEÑALOLEN,74617,65.26,39713,34.74,114330,98.89,913,0.79,375,0.32,115618,100.0,323,323-PEÑALOLEN,1092,1092-METROPOLITANA DE SANTIAGO
METROPOLITANA DE SANTIAGO,PIRQUE,8298,56.39,6418,43.61,14716,98.92,125,0.84,35,0.24,14876,100.0,291,291-PIRQUE,1092,1092-METROPOLITANA DE SANTIAGO
METROPOLITANA DE SANTIAGO,PROVIDENCIA,49489,48.25,53071,51.75,102560,97.96,1434,1.37,705,0.67,104699,100.0,324,324-PROVIDENCIA,1092,1092-METROPOLITANA DE SANTIAGO
METROPOLITANA DE SANTIAGO,PUDAHUEL,67932,68.52,31217,31.48,99149,99.14,648,0.65,214,0.21,100011,100.0,325,325-PUDAHUEL,1092,1092-METROPOLITANA DE SANTIAGO
METROPOLITANA DE SANTIAGO,PUENTE ALTO,162727,70.29,68773,29.71,231500,99.16,1541,0.66,418,0.18,233459,100.0,292,292-PUENTE ALTO,1092,1092-METROPOLITANA DE SANTIAGO
METROPOLITANA DE SANTIAGO,QUILICURA,57492,67.97,27092,32.03,84584,99.18,532,0.62,168,0.2,85284,100.0,326,326-QUILICURA,1092,1092-METROPOLITANA DE SANTIAGO
METROPOLITANA DE SANTIAGO,QUINTA NORMAL,36627,65.47,19317,34.53,55944,99.14,369,0.65,119,0.21,56432,100.0,327,327-QUINTA NORMAL,1092,1092-METROPOLITANA DE SANTIAGO
METROPOLITANA DE SANTIAGO,RECOLETA,49686,65.9,25705,34.1,75391,98.83,684,0.9,207,0.27,76282,100.0,328,328-RECOLETA,1092,1092-METROPOLITANA DE SANTIAGO
METROPOLITANA DE SANTIAGO,RENCA,44396,70.75,18355,29.25,62751,99.15,400,0.63,140,0.22,63291,100.0,329,329-RENCA,1092,1092-METROPOLITANA DE SANTIAGO
METROPOLITANA DE SANTIAGO,SAN BERNARDO,77034,64.51,42372,35.49,119406,99.17,775,0.64,225,0.19,120406,100.0,297,297-SAN BERNARDO,1092,1092-METROPOLITANA DE SANTIAGO
METROPOLITANA DE SANTIAGO,SAN JOAQUIN,33849,71.08,13773,28.92,47622,99.13,323,0.67,95,0.2,48040,100.0,330,330-SAN JOAQUIN,1092,1092-METROPOLITANA DE SANTIAGO
METROPOLITANA DE SANTIAGO,SAN JOSE DE MAIPO,6446,67.32,3129,32.68,9575,98.82,82,0.85,32,0.33,9689,100.0,293,293-SAN JOSE DE MAIPO,1092,1092-METROPOLITANA DE SANTIAGO
METROPOLITANA DE SANTIAGO,SAN MIGUEL,38479,62.01,23570,37.99,62049,99.08,425,0.68,148,0.24,62622,100.0,331,331-SAN MIGUEL,1092,1092-METROPOLITANA DE SANTIAGO
METROPOLITANA DE SANTIAGO,SAN PEDRO,1989,43.14,2622,56.86,4611,99.12,28,0.6,13,0.28,4652,100.0,302,302-SAN PEDRO,1092,1092-METROPOLITANA DE SANTIAGO
METROPOLITANA DE SANTIAGO,SAN RAMON,30052,69.57,13143,30.43,43195,99.07,282,0.65,122,0.28,43599,100.0,332,332-SAN RAMON,1092,1092-METROPOLITANA DE SANTIAGO
METROPOLITANA DE SANTIAGO,SANTIAGO,95375,60.71,61733,39.29,157108,99.01,1062,0.67,507,0.32,158677,100.0,333,333-SANTIAGO,1092,1092-METROPOLITANA DE SANTIAGO
METROPOLITANA DE SANTIAGO,TALAGANTE,21906,59.69,14792,40.31,36698,98.98,273,0.74,104,0.28,37075,100.0,339,339-TALAGANTE,1092,1092-METROPOLITANA DE SANTIAGO
METROPOLITANA DE SANTIAGO,TILTIL,5062,58.23,3631,41.77,8693,99.01,71,0.81,16,0.18,8780,100.0,290,290-TILTIL,1092,1092-METROPOLITANA DE SANTIAGO
METROPOLITANA DE SANTIAGO,VITACURA,10511,16.73,52327,83.27,62838,97.14,1287,1.99,565,0.87,64690,100.0,334,334-VITACURA,1092,1092-METROPOLITANA DE SANTIAGO
DEL LIBERTADOR GENERAL BERNARDO O'HIGGINS,total,251575,57.33,187215,42.67,438790,99.04,3183,0.72,1088,0.25,443061,100.0,-99,total,1099,1099-DEL LIBERTADOR GENERAL BERNARDO O'HIGGINS
DEL LIBERTADOR GENERAL BERNARDO O'HIGGINS,CHEPICA,3374,48.94,3520,51.06,6894,99.21,42,0.6,13,0.19,6949,100.0,52,52-CHEPICA,1099,1099-DEL LIBERTADOR GENERAL BERNARDO O'HIGGINS
DEL LIBERTADOR GENERAL BERNARDO O'HIGGINS,CHIMBARONGO,8654,55.2,7024,44.8,15678,99.18,86,0.54,43,0.27,15807,100.0,53,53-CHIMBARONGO,1099,1099-DEL LIBERTADOR GENERAL BERNARDO O'HIGGINS
DEL LIBERTADOR GENERAL BERNARDO O'HIGGINS,CODEGUA,3986,61.96,2447,38.04,6433,99.05,49,0.75,13,0.2,6495,100.0,29,29-CODEGUA,1099,1099-DEL LIBERTADOR GENERAL BERNARDO O'HIGGINS
DEL LIBERTADOR GENERAL BERNARDO O'HIGGINS,COINCO,2153,52.71,1932,47.29,4085,99.15,25,0.61,10,0.24,4120,100.0,30,30-COINCO,1099,1099-DEL LIBERTADOR GENERAL BERNARDO O'HIGGINS
DEL LIBERTADOR GENERAL BERNARDO O'HIGGINS,COLTAUCO,4844,55.85,3829,44.15,8673,99.05,60,0.69,23,0.26,8756,100.0,31,31-COLTAUCO,1099,1099-DEL LIBERTADOR GENERAL BERNARDO O'HIGGINS
DEL LIBERTADOR GENERAL BERNARDO O'HIGGINS,DOÑIHUE,6427,60.84,4136,39.16,10563,99.03,78,0.73,26,0.24,10667,100.0,32,32-DOÑIHUE,1099,1099-DEL LIBERTADOR GENERAL BERNARDO O'HIGGINS
DEL LIBERTADOR GENERAL BERNARDO O'HIGGINS,GRANEROS,10092,64.02,5673,35.98,15765,98.95,120,0.75,48,0.3,15933,100.0,34,34-GRANEROS,1099,1099-DEL LIBERTADOR GENERAL BERNARDO O'HIGGINS
DEL LIBERTADOR GENERAL BERNARDO O'HIGGINS,LA ESTRELLA,1085,48.01,1175,51.99,2260,99.04,14,0.61,8,0.35,2282,100.0,46,46-LA ESTRELLA,1099,1099-DEL LIBERTADOR GENERAL BERNARDO O'HIGGINS
DEL LIBERTADOR GENERAL BERNARDO O'HIGGINS,LAS CABRAS,6030,55.51,4833,44.49,10863,99.28,53,0.48,26,0.24,10942,100.0,35,35-LAS CABRAS,1099,1099-DEL LIBERTADOR GENERAL BERNARDO O'HIGGINS
DEL LIBERTADOR GENERAL BERNARDO O'HIGGINS,LITUECHE,2023,51.25,1924,48.75,3947,99.37,16,0.4,9,0.23,3972,100.0,47,47-LITUECHE,1099,1099-DEL LIBERTADOR GENERAL BERNARDO O'HIGGINS
DEL LIBERTADOR GENERAL BERNARDO O'HIGGINS,LOLOL,1822,47.81,1989,52.19,3811,99.24,18,0.47,11,0.29,3840,100.0,54,54-LOLOL,1099,1099-DEL LIBERTADOR GENERAL BERNARDO O'HIGGINS
DEL LIBERTADOR GENERAL BERNARDO O'HIGGINS,MACHALI,13176,55.35,10630,44.65,23806,98.8,227,0.94,62,0.26,24095,100.0,36,36-MACHALI,1099,1099-DEL LIBERTADOR GENERAL BERNARDO O'HIGGINS
DEL LIBERTADOR GENERAL BERNARDO O'HIGGINS,MALLOA,3443,50.54,3370,49.46,6813,98.98,48,0.7,22,0.32,6883,100.0,37,37-MALLOA,1099,1099-DEL LIBERTADOR GENERAL BERNARDO O'HIGGINS
DEL LIBERTADOR GENERAL BERNARDO O'HIGGINS,MARCHIGUE,2209,54.68,1831,45.32,4040,99.14,28,0.69,7,0.17,4075,100.0,48,48-MARCHIGUE,1099,1099-DEL LIBERTADOR GENERAL BERNARDO O'HIGGINS
DEL LIBERTADOR GENERAL BERNARDO O'HIGGINS,MOSTAZAL,7721,63.34,4469,36.66,12190,98.94,97,0.79,34,0.28,12321,100.0,44,44-MOSTAZAL,1099,1099-DEL LIBERTADOR GENERAL BERNARDO O'HIGGINS
DEL LIBERTADOR GENERAL BERNARDO O'HIGGINS,NANCAGUA,4839,57.14,3629,42.86,8468,99.24,45,0.53,20,0.23,8533,100.0,55,55-NANCAGUA,1099,1099-DEL LIBERTADOR GENERAL BERNARDO O'HIGGINS
DEL LIBERTADOR GENERAL BERNARDO O'HIGGINS,NAVIDAD,2376,57.67,1744,42.33,4120,98.75,38,0.91,14,0.34,4172,100.0,49,49-NAVIDAD,1099,1099-DEL LIBERTADOR GENERAL BERNARDO O'HIGGINS
DEL LIBERTADOR GENERAL BERNARDO O'HIGGINS,OLIVAR,3900,53.63,3372,46.37,7272,98.86,66,0.9,18,0.24,7356,100.0,33,33-OLIVAR,1099,1099-DEL LIBERTADOR GENERAL BERNARDO O'HIGGINS
DEL LIBERTADOR GENERAL BERNARDO O'HIGGINS,PALMILLA,3119,52.41,2832,47.59,5951,99.13,33,0.55,19,0.32,6003,100.0,56,56-PALMILLA,1099,1099-DEL LIBERTADOR GENERAL BERNARDO O'HIGGINS
DEL LIBERTADOR GENERAL BERNARDO O'HIGGINS,PAREDONES,2065,53.24,1814,46.76,3879,99.31,16,0.41,11,0.28,3906,100.0,50,50-PAREDONES,1099,1099-DEL LIBERTADOR GENERAL BERNARDO O'HIGGINS
DEL LIBERTADOR GENERAL BERNARDO O'HIGGINS,PERALILLO,3284,55.53,2630,44.47,5914,98.95,43,0.72,20,0.33,5977,100.0,57,57-PERALILLO,1099,1099-DEL LIBERTADOR GENERAL BERNARDO O'HIGGINS
DEL LIBERTADOR GENERAL BERNARDO O'HIGGINS,PEUMO,4842,65.73,2524,34.27,7366,99.02,54,0.73,19,0.26,7439,100.0,38,38-PEUMO,1099,1099-DEL LIBERTADOR GENERAL BERNARDO O'HIGGINS
DEL LIBERTADOR GENERAL BERNARDO O'HIGGINS,PICHIDEGUA,4977,57.85,3626,42.15,8603,99.12,53,0.61,23,0.27,8679,100.0,39,39-PICHIDEGUA,1099,1099-DEL LIBERTADOR GENERAL BERNARDO O'HIGGINS
DEL LIBERTADOR GENERAL BERNARDO O'HIGGINS,PICHILEMU,5797,56.33,4495,43.67,10292,98.94,83,0.8,27,0.26,10402,100.0,51,51-PICHILEMU,1099,1099-DEL LIBERTADOR GENERAL BERNARDO O'HIGGINS
DEL LIBERTADOR GENERAL BERNARDO O'HIGGINS,PLACILLA,2666,55.89,2104,44.11,4770,99.19,29,0.6,10,0.21,4809,100.0,58,58-PLACILLA,1099,1099-DEL LIBERTADOR GENERAL BERNARDO O'HIGGINS
DEL LIBERTADOR GENERAL BERNARDO O'HIGGINS,PUMANQUE,1221,50.02,1220,49.98,2441,99.23,14,0.57,5,0.2,2460,100.0,59,59-PUMANQUE,1099,1099-DEL LIBERTADOR GENERAL BERNARDO O'HIGGINS
DEL LIBERTADOR GENERAL BERNARDO O'HIGGINS,QUINTA DE TILCOCO,4183,57.49,3093,42.51,7276,98.87,58,0.79,25,0.34,7359,100.0,40,40-QUINTA DE TILCOCO,1099,1099-DEL LIBERTADOR GENERAL BERNARDO O'HIGGINS
DEL LIBERTADOR GENERAL BERNARDO O'HIGGINS,RANCAGUA,65759,59.67,44445,40.33,110204,98.94,936,0.84,246,0.22,111386,100.0,41,41-RANCAGUA,1099,1099-DEL LIBERTADOR GENERAL BERNARDO O'HIGGINS
DEL LIBERTADOR GENERAL BERNARDO O'HIGGINS,RENGO,16478,60.28,10859,39.72,27337,99.07,172,0.62,86,0.31,27595,100.0,42,42-RENGO,1099,1099-DEL LIBERTADOR GENERAL BERNARDO O'HIGGINS
DEL LIBERTADOR GENERAL BERNARDO O'HIGGINS,REQUINOA,7165,53.5,6228,46.5,13393,99.07,103,0.76,23,0.17,13519,100.0,43,43-REQUINOA,1099,1099-DEL LIBERTADOR GENERAL BERNARDO O'HIGGINS
DEL LIBERTADOR GENERAL BERNARDO O'HIGGINS,SAN FERNANDO,20064,55.95,15795,44.05,35859,99.08,262,0.72,72,0.2,36193,100.0,60,60-SAN FERNANDO,1099,1099-DEL LIBERTADOR GENERAL BERNARDO O'HIGGINS
DEL LIBERTADOR GENERAL BERNARDO O'HIGGINS,SAN VICENTE,13362,58.14,9620,41.86,22982,99.18,132,0.57,59,0.25,23173,100.0,45,45-SAN VICENTE,1099,1099-DEL LIBERTADOR GENERAL BERNARDO O'HIGGINS
DEL LIBERTADOR GENERAL BERNARDO O'HIGGINS,SANTA CRUZ,8439,50.11,8403,49.89,16842,99.29,85,0.5,36,0.21,16963,100.0,61,61-SANTA CRUZ,1099,1099-DEL LIBERTADOR GENERAL BERNARDO O'HIGGINS
DEL MAULE,total,240138,48.96,250327,51.04,490465,99.03,3543,0.72,1276,0.26,495284,100.0,-99,total,1098,1098-DEL MAULE
DEL MAULE,CAUQUENES,6219,31.86,13299,68.14,19518,99.17,123,0.62,40,0.2,19681,100.0,258,258-CAUQUENES,1098,1098-DEL MAULE
DEL MAULE,CHANCO,1584,31.06,3515,68.94,5099,98.86,44,0.85,15,0.29,5158,100.0,259,259-CHANCO,1098,1098-DEL MAULE
DEL MAULE,COLBUN,4973,54.24,4196,45.76,9169,99.06,52,0.56,35,0.38,9256,100.0,270,270-COLBUN,1098,1098-DEL MAULE
DEL MAULE,CONSTITUCION,10774,51.72,10056,48.28,20830,98.68,214,1.01,65,0.31,21109,100.0,278,278-CONSTITUCION,1098,1098-DEL MAULE
DEL MAULE,CUREPTO,2834,53.81,2433,46.19,5267,98.86,42,0.79,19,0.36,5328,100.0,279,279-CUREPTO,1098,1098-DEL MAULE
DEL MAULE,CURICO,36040,52.94,32035,47.06,68075,98.94,548,0.8,180,0.26,68803,100.0,261,261-CURICO,1098,1098-DEL MAULE
DEL MAULE,EMPEDRADO,644,26.38,1797,73.62,2441,98.43,31,1.25,8,0.32,2480,100.0,280,280-EMPEDRADO,1098,1098-DEL MAULE
DEL MAULE,HUALAÑE,3167,56.46,2442,43.54,5609,98.91,35,0.62,27,0.48,5671,100.0,262,262-HUALAÑE,1098,1098-DEL MAULE
DEL MAULE,LICANTEN,2219,56.77,1690,43.23,3909,98.96,19,0.48,22,0.56,3950,100.0,263,263-LICANTEN,1098,1098-DEL MAULE
DEL MAULE,LINARES,20962,47.67,23014,52.33,43976,99.15,274,0.62,104,0.23,44354,100.0,271,271-LINARES,1098,1098-DEL MAULE
DEL MAULE,LONGAVI,5066,37.91,8297,62.09,13363,99.18,78,0.58,33,0.24,13474,100.0,272,272-LONGAVI,1098,1098-DEL MAULE
DEL MAULE,MAULE,6959,49.3,7158,50.7,14117,98.93,109,0.76,43,0.3,14269,100.0,281,281-MAULE,1098,1098-DEL MAULE
DEL MAULE,MOLINA,13143,57.87,9569,42.13,22712,99.02,164,0.72,60,0.26,22936,100.0,264,264-MOLINA,1098,1098-DEL MAULE
DEL MAULE,PARRAL,8478,41.21,12097,58.79,20575,99.06,155,0.75,41,0.2,20771,100.0,273,273-PARRAL,1098,1098-DEL MAULE
DEL MAULE,PELARCO,2000,43.03,2648,56.97,4648,99.19,28,0.6,10,0.21,4686,100.0,282,282-PELARCO,1098,1098-DEL MAULE
DEL MAULE,PELLUHUE,1748,34.68,3292,65.32,5040,99.12,33,0.65,12,0.24,5085,100.0,260,260-PELLUHUE,1098,1098-DEL MAULE
DEL MAULE,PENCAHUE,2356,39.76,3569,60.24,5925,99.2,36,0.6,12,0.2,5973,100.0,283,283-PENCAHUE,1098,1098-DEL MAULE
DEL MAULE,RAUCO,2513,46.19,2927,53.81,5440,99.09,42,0.77,8,0.15,5490,100.0,265,265-RAUCO,1098,1098-DEL MAULE
DEL MAULE,RETIRO,3072,33.09,6213,66.91,9285,99.36,31,0.33,29,0.31,9345,100.0,274,274-RETIRO,1098,1098-DEL MAULE
DEL MAULE,RIO CLARO,2992,45.73,3551,54.27,6543,98.82,51,0.77,27,0.41,6621,100.0,284,284-RIO CLARO,1098,1098-DEL MAULE
DEL MAULE,ROMERAL,3564,45.42,4282,54.58,7846,98.9,56,0.71,31,0.39,7933,100.0,266,266-ROMERAL,1098,1098-DEL MAULE
DEL MAULE,SAGRADA FAMILIA,5083,55.53,4070,44.47,9153,99.04,68,0.74,21,0.23,9242,100.0,267,267-SAGRADA FAMILIA,1098,1098-DEL MAULE
DEL MAULE,SAN CLEMENTE,9537,51.31,9050,48.69,18587,98.86,159,0.85,56,0.3,18802,100.0,285,285-SAN CLEMENTE,1098,1098-DEL MAULE
DEL MAULE,SAN JAVIER,9327,45.66,11102,54.34,20429,99.13,140,0.68,40,0.19,20609,100.0,275,275-SAN JAVIER,1098,1098-DEL MAULE
DEL MAULE,SAN RAFAEL,2329,47.91,2532,52.09,4861,98.98,34,0.69,16,0.33,4911,100.0,286,286-SAN RAFAEL,1098,1098-DEL MAULE
DEL MAULE,TALCA,58423,54.58,48625,45.42,107048,99.08,761,0.7,236,0.22,108045,100.0,287,287-TALCA,1098,1098-DEL MAULE
DEL MAULE,TENO,5779,47.2,6465,52.8,12244,98.95,90,0.73,40,0.32,12374,100.0,268,268-TENO,1098,1098-DEL MAULE
DEL MAULE,VICHUQUEN,1452,44.7,1796,55.3,3248,98.78,27,0.82,13,0.4,3288,100.0,269,269-VICHUQUEN,1098,1098-DEL MAULE
DEL MAULE,VILLA ALEGRE,3400,44.62,4220,55.38,7620,99.27,42,0.55,14,0.18,7676,100.0,276,276-VILLA ALEGRE,1098,1098-DEL MAULE
DEL MAULE,YERBAS BUENAS,3501,44.38,4387,55.62,7888,99.05,57,0.72,19,0.24,7964,100.0,277,277-YERBAS BUENAS,1098,1098-DEL MAULE
DE ÑUBLE,total,96835,41.45,136781,58.55,233616,99.03,1712,0.73,575,0.24,235903,100.0,-99,total,1097,1097-DE ÑUBLE
DE ÑUBLE,BULNES,4313,41.09,6184,58.91,10497,99.09,69,0.65,27,0.25,10593,100.0,237,237-BULNES,1097,1097-DE ÑUBLE
DE ÑUBLE,CHILLAN,40277,47.05,45331,52.95,85608,98.99,684,0.79,192,0.22,86484,100.0,238,238-CHILLAN,1097,1097-DE ÑUBLE
DE ÑUBLE,CHILLAN VIEJO,6085,45.84,7189,54.16,13274,99.1,96,0.72,25,0.19,13395,100.0,239,239-CHILLAN VIEJO,1097,1097-DE ÑUBLE
DE ÑUBLE,COBQUECURA,1483,43.12,1956,56.88,3439,98.94,25,0.72,12,0.35,3476,100.0,240,240-COBQUECURA,1097,1097-DE ÑUBLE
DE ÑUBLE,COELEMU,3733,41.86,5184,58.14,8917,99.21,57,0.63,14,0.16,8988,100.0,241,241-COELEMU,1097,1097-DE ÑUBLE
DE ÑUBLE,COIHUECO,3446,28.48,8655,71.52,12101,99.16,71,0.58,31,0.25,12203,100.0,242,242-COIHUECO,1097,1097-DE ÑUBLE
DE ÑUBLE,EL CARMEN,2008,29.77,4738,70.23,6746,99.28,30,0.44,19,0.28,6795,100.0,243,243-EL CARMEN,1097,1097-DE ÑUBLE
DE ÑUBLE,NINHUE,1140,36.41,1991,63.59,3131,99.02,24,0.76,7,0.22,3162,100.0,23697,23697-NINHUE,1097,1097-DE ÑUBLE
DE ÑUBLE,ÑIQUEN,1791,32.71,3685,67.29,5476,99.08,34,0.62,17,0.31,5527,100.0,245,245-ÑIQUEN,1097,1097-DE ÑUBLE
DE ÑUBLE,PEMUCO,1524,35.61,2756,64.39,4280,99.14,23,0.53,14,0.32,4317,100.0,246,246-PEMUCO,1097,1097-DE ÑUBLE
DE ÑUBLE,PINTO,1646,24.6,5046,75.4,6692,98.96,56,0.83,14,0.21,6762,100.0,247,247-PINTO,1097,1097-DE ÑUBLE
DE ÑUBLE,PORTEZUELO,1204,37.21,2032,62.79,3236,99.17,20,0.61,7,0.21,3263,100.0,248,248-PORTEZUELO,1097,1097-DE ÑUBLE
DE ÑUBLE,QUILLON,3084,37.01,5248,62.99,8332,98.9,73,0.87,20,0.24,8425,100.0,249,249-QUILLON,1097,1097-DE ÑUBLE
DE ÑUBLE,QUIRIHUE,2665,46.62,3051,53.38,5716,98.69,59,1.02,17,0.29,5792,100.0,250,250-QUIRIHUE,1097,1097-DE ÑUBLE
DE ÑUBLE,RANQUIL,1372,41.16,1961,58.84,3333,99.05,26,0.77,6,0.18,3365,100.0,251,251-RANQUIL,1097,1097-DE ÑUBLE
DE ÑUBLE,SAN CARLOS,9387,38.9,14747,61.1,24134,99.03,173,0.71,63,0.26,24370,100.0,252,252-SAN CARLOS,1097,1097-DE ÑUBLE
DE ÑUBLE,SAN FABIAN,1189,42.27,1624,57.73,2813,99.05,18,0.63,9,0.32,2840,100.0,253,253-SAN FABIAN,1097,1097-DE ÑUBLE
DE ÑUBLE,SAN IGNACIO,2472,31.69,5328,68.31,7800,99.11,50,0.64,20,0.25,7870,100.0,254,254-SAN IGNACIO,1097,1097-DE ÑUBLE
DE ÑUBLE,SAN NICOLAS,2597,40.13,3874,59.87,6471,98.82,54,0.82,23,0.35,6548,100.0,255,255-SAN NICOLAS,1097,1097-DE ÑUBLE
DE ÑUBLE,TREHUACO,1371,39.82,2072,60.18,3443,99.22,20,0.58,7,0.2,3470,100.0,256,256-TREHUACO,1097,1097-DE ÑUBLE
DE ÑUBLE,YUNGAY,4048,49.5,4129,50.5,8177,99.02,50,0.61,31,0.38,8258,100.0,257,257-YUNGAY,1097,1097-DE ÑUBLE
DEL BIOBIO,total,350765,48.17,377454,51.83,728219,98.84,6419,0.87,2121,0.29,736759,100.0,-99,total,1096,1096-DEL BIOBIO
DEL BIOBIO,ALTO BIOBIO,1283,54.55,1069,45.45,2352,97.19,48,1.98,20,0.83,2420,100.0,211,211-ALTO BIOBIO,1096,1096-DEL BIOBIO
DEL BIOBIO,ANTUCO,982,45.25,1188,54.75,2170,98.41,28,1.27,7,0.32,2205,100.0,212,212-ANTUCO,1096,1096-DEL BIOBIO
DEL BIOBIO,ARAUCO,7429,44.42,9296,55.58,16725,98.69,171,1.01,51,0.3,16947,100.0,204,204-ARAUCO,1096,1096-DEL BIOBIO
DEL BIOBIO,CABRERO,4768,37.85,7829,62.15,12597,98.9,102,0.8,38,0.3,12737,100.0,213,213-CABRERO,1096,1096-DEL BIOBIO
DEL BIOBIO,CAÑETE,5419,35.02,10054,64.98,15473,98.94,125,0.8,41,0.26,15639,100.0,205,205-CAÑETE,1096,1096-DEL BIOBIO
DEL BIOBIO,CHIGUAYANTE,23040,56.29,17892,43.71,40932,98.81,381,0.92,111,0.27,41424,100.0,225,225-CHIGUAYANTE,1096,1096-DEL BIOBIO
DEL BIOBIO,CONCEPCION,60654,52.17,55618,47.83,116272,98.82,1051,0.89,336,0.29,117659,100.0,226,226-CONCEPCION,1096,1096-DEL BIOBIO
DEL BIOBIO,CONTULMO,1059,30.7,2390,69.3,3449,99.22,20,0.58,7,0.2,3476,100.0,206,206-CONTULMO,1096,1096-DEL BIOBIO
DEL BIOBIO,CORONEL,26674,54.65,22136,45.35,48810,98.83,469,0.95,111,0.22,49390,100.0,227,227-CORONEL,1096,1096-DEL BIOBIO
DEL BIOBIO,CURANILAHUE,7474,49.94,7493,50.06,14967,98.8,128,0.84,54,0.36,15149,100.0,207,207-CURANILAHUE,1096,1096-DEL BIOBIO
DEL BIOBIO,FLORIDA,2181,38.79,3442,61.21,5623,98.75,55,0.97,16,0.28,5694,100.0,228,228-FLORIDA,1096,1096-DEL BIOBIO
DEL BIOBIO,HUALPEN,26020,56.44,20086,43.56,46106,98.92,406,0.87,96,0.21,46608,100.0,229,229-HUALPEN,1096,1096-DEL BIOBIO
DEL BIOBIO,HUALQUI,5354,50.17,5317,49.83,10671,98.75,100,0.93,35,0.32,10806,100.0,230,230-HUALQUI,1096,1096-DEL BIOBIO
DEL BIOBIO,LAJA,4594,44.82,5656,55.18,10250,98.72,97,0.93,36,0.35,10383,100.0,214,214-LAJA,1096,1096-DEL BIOBIO
DEL BIOBIO,LEBU,4796,44.81,5908,55.19,10704,98.8,94,0.87,36,0.33,10834,100.0,208,208-LEBU,1096,1096-DEL BIOBIO
DEL BIOBIO,LOS ALAMOS,3561,37.71,5882,62.29,9443,98.94,74,0.78,27,0.28,9544,100.0,209,209-LOS ALAMOS,1096,1096-DEL BIOBIO
DEL BIOBIO,LOS ANGELES,28680,34.18,55225,65.82,83905,99.03,593,0.7,231,0.27,84729,100.0,215,215-LOS ANGELES,1096,1096-DEL BIOBIO
DEL BIOBIO,LOTA,13409,54.83,11045,45.17,24454,98.57,266,1.07,89,0.36,24809,100.0,231,231-LOTA,1096,1096-DEL BIOBIO
DEL BIOBIO,MULCHEN,5384,43.07,7117,56.93,12501,98.57,125,0.99,56,0.44,12682,100.0,216,216-MULCHEN,1096,1096-DEL BIOBIO
DEL BIOBIO,NACIMIENTO,4693,39.29,7253,60.71,11946,98.74,101,0.83,51,0.42,12098,100.0,217,217-NACIMIENTO,1096,1096-DEL BIOBIO
DEL BIOBIO,NEGRETE,1623,34.93,3023,65.07,4646,98.96,37,0.79,12,0.26,4695,100.0,218,218-NEGRETE,1096,1096-DEL BIOBIO
DEL BIOBIO,PENCO,14637,59.17,10102,40.83,24739,98.83,215,0.86,78,0.31,25032,100.0,232,232-PENCO,1096,1096-DEL BIOBIO
DEL BIOBIO,QUILACO,1005,42.91,1337,57.09,2342,98.86,15,0.63,12,0.51,2369,100.0,219,219-QUILACO,1096,1096-DEL BIOBIO
DEL BIOBIO,QUILLECO,1546,33.09,3126,66.91,4672,99.09,28,0.59,15,0.32,4715,100.0,220,220-QUILLECO,1096,1096-DEL BIOBIO
DEL BIOBIO,SAN PEDRO DE LA PAZ,27126,49.73,27426,50.27,54552,98.72,528,0.96,177,0.32,55257,100.0,233,233-SAN PEDRO DE LA PAZ,1096,1096-DEL BIOBIO
DEL BIOBIO,SAN ROSENDO,1205,52.99,1069,47.01,2274,99.21,15,0.65,3,0.13,2292,100.0,221,221-SAN ROSENDO,1096,1096-DEL BIOBIO
DEL BIOBIO,SANTA BARBARA,2266,35.4,4135,64.6,6401,99.19,37,0.57,15,0.23,6453,100.0,222,222-SANTA BARBARA,1096,1096-DEL BIOBIO
DEL BIOBIO,SANTA JUANA,2558,37.39,4283,62.61,6841,98.94,50,0.72,23,0.33,6914,100.0,234,234-SANTA JUANA,1096,1096-DEL BIOBIO
DEL BIOBIO,TALCAHUANO,37805,51.94,34984,48.06,72789,98.79,696,0.94,193,0.26,73678,100.0,235,235-TALCAHUANO,1096,1096-DEL BIOBIO
DEL BIOBIO,TIRUA,1797,36.85,3080,63.15,4877,99.17,32,0.65,9,0.18,4918,100.0,210,210-TIRUA,1096,1096-DEL BIOBIO
DEL BIOBIO,TOME,14515,52.22,13279,47.78,27794,98.93,228,0.81,74,0.26,28096,100.0,236,236-TOME,1096,1096-DEL BIOBIO
DEL BIOBIO,TUCAPEL,2994,45.54,3580,54.46,6574,99.11,40,0.6,19,0.29,6633,100.0,223,223-TUCAPEL,1096,1096-DEL BIOBIO
DEL BIOBIO,YUMBEL,4234,40.84,6134,59.16,10368,98.99,64,0.61,42,0.4,10474,100.0,224,224-YUMBEL,1096,1096-DEL BIOBIO
DE LA ARAUCANIA,total,184417,39.86,278294,60.14,462711,98.94,3663,0.78,1280,0.27,467654,100.0,-99,total,1095,1095-DE LA ARAUCANIA
DE LA ARAUCANIA,ANGOL,7931,32.29,16634,67.71,24565,99.02,181,0.73,62,0.25,24808,100.0,98,98-ANGOL,1095,1095-DE LA ARAUCANIA
DE LA ARAUCANIA,CARAHUE,4430,38.2,7167,61.8,11597,98.97,82,0.7,39,0.33,11718,100.0,77,77-CARAHUE,1095,1095-DE LA ARAUCANIA
DE LA ARAUCANIA,CHOLCHOL,2690,44.67,3332,55.33,6022,98.51,73,1.19,18,0.29,6113,100.0,78,78-CHOLCHOL,1095,1095-DE LA ARAUCANIA
DE LA ARAUCANIA,COLLIPULLI,3571,31.9,7623,68.1,11194,98.97,78,0.69,39,0.34,11311,100.0,99,99-COLLIPULLI,1095,1095-DE LA ARAUCANIA
DE LA ARAUCANIA,CUNCO,3407,36.87,5833,63.13,9240,99.16,65,0.7,13,0.14,9318,100.0,79,79-CUNCO,1095,1095-DE LA ARAUCANIA
DE LA ARAUCANIA,CURACAUTIN,2725,30.17,6306,69.83,9031,99.14,53,0.58,25,0.27,9109,100.0,100,100-CURACAUTIN,1095,1095-DE LA ARAUCANIA
DE LA ARAUCANIA,CURARREHUE,1474,37.94,2411,62.06,3885,99.06,28,0.71,9,0.23,3922,100.0,80,80-CURARREHUE,1095,1095-DE LA ARAUCANIA
DE LA ARAUCANIA,ERCILLA,1632,42.24,2232,57.76,3864,98.87,34,0.87,10,0.26,3908,100.0,101,101-ERCILLA,1095,1095-DE LA ARAUCANIA
DE LA ARAUCANIA,FREIRE,4428,40.23,6578,59.77,11006,98.9,86,0.77,36,0.32,11128,100.0,81,81-FREIRE,1095,1095-DE LA ARAUCANIA
DE LA ARAUCANIA,GALVARINO,2734,45.12,3326,54.88,6060,98.91,41,0.67,26,0.42,6127,100.0,82,82-GALVARINO,1095,1095-DE LA ARAUCANIA
DE LA ARAUCANIA,GORBEA,2549,31.72,5486,68.28,8035,99.09,57,0.7,17,0.21,8109,100.0,83,83-GORBEA,1095,1095-DE LA ARAUCANIA
DE LA ARAUCANIA,LAUTARO,6703,37.61,11118,62.39,17821,99.04,132,0.73,41,0.23,17994,100.0,84,84-LAUTARO,1095,1095-DE LA ARAUCANIA
DE LA ARAUCANIA,LONCOCHE,5063,45.22,6133,54.78,11196,99.02,80,0.71,31,0.27,11307,100.0,85,85-LONCOCHE,1095,1095-DE LA ARAUCANIA
DE LA ARAUCANIA,LONQUIMAY,1878,35.06,3478,64.94,5356,98.37,64,1.18,25,0.46,5445,100.0,102,102-LONQUIMAY,1095,1095-DE LA ARAUCANIA
DE LA ARAUCANIA,LOS SAUCES,1156,28.85,2851,71.15,4007,99.26,19,0.47,11,0.27,4037,100.0,103,103-LOS SAUCES,1095,1095-DE LA ARAUCANIA
DE LA ARAUCANIA,LUMACO,1542,30.08,3585,69.92,5127,99.4,22,0.43,9,0.17,5158,100.0,104,104-LUMACO,1095,1095-DE LA ARAUCANIA
DE LA ARAUCANIA,MELIPEUCO,1122,35.38,2049,64.62,3171,99.09,19,0.59,10,0.31,3200,100.0,86,86-MELIPEUCO,1095,1095-DE LA ARAUCANIA
DE LA ARAUCANIA,NUEVA IMPERIAL,7395,46.54,8494,53.46,15889,98.63,166,1.03,55,0.34,16110,100.0,87,87-NUEVA IMPERIAL,1095,1095-DE LA ARAUCANIA
DE LA ARAUCANIA,PADRE LAS CASAS,13289,44.01,16904,55.99,30193,98.93,233,0.76,93,0.3,30519,100.0,88,88-PADRE LAS CASAS,1095,1095-DE LA ARAUCANIA
DE LA ARAUCANIA,PERQUENCO,1555,41.83,2162,58.17,3717,98.8,35,0.93,10,0.27,3762,100.0,89,89-PERQUENCO,1095,1095-DE LA ARAUCANIA
DE LA ARAUCANIA,PITRUFQUEN,4489,37.34,7534,62.66,12023,99.06,87,0.72,27,0.22,12137,100.0,90,90-PITRUFQUEN,1095,1095-DE LA ARAUCANIA
DE LA ARAUCANIA,PUCON,6761,45.49,8101,54.51,14862,98.92,120,0.8,42,0.28,15024,100.0,91,91-PUCON,1095,1095-DE LA ARAUCANIA
DE LA ARAUCANIA,PUREN,2105,32.86,4300,67.14,6405,99.29,25,0.39,21,0.33,6451,100.0,105,105-PUREN,1095,1095-DE LA ARAUCANIA
DE LA ARAUCANIA,RENAICO,1910,37.78,3146,62.22,5056,98.89,41,0.8,16,0.31,5113,100.0,106,106-RENAICO,1095,1095-DE LA ARAUCANIA
DE LA ARAUCANIA,SAAVEDRA,3144,50.56,3074,49.44,6218,98.32,71,1.12,35,0.55,6324,100.0,92,92-SAAVEDRA,1095,1095-DE LA ARAUCANIA
DE LA ARAUCANIA,TEMUCO,58784,43.39,76704,56.61,135488,98.91,1154,0.84,337,0.25,136979,100.0,93,93-TEMUCO,1095,1095-DE LA ARAUCANIA
DE LA ARAUCANIA,TEODORO SCHMIDT,2532,33.1,5117,66.9,7649,98.86,59,0.76,29,0.37,7737,100.0,94,94-TEODORO SCHMIDT,1095,1095-DE LA ARAUCANIA
DE LA ARAUCANIA,TOLTEN,1931,36.14,3412,63.86,5343,98.85,40,0.74,22,0.41,5405,100.0,95,95-TOLTEN,1095,1095-DE LA ARAUCANIA
DE LA ARAUCANIA,TRAIGUEN,3535,36.74,6086,63.26,9621,98.98,77,0.79,22,0.23,9720,100.0,107,107-TRAIGUEN,1095,1095-DE LA ARAUCANIA
DE LA ARAUCANIA,VICTORIA,4899,28.54,12266,71.46,17165,99.15,117,0.68,30,0.17,17312,100.0,108,108-VICTORIA,1095,1095-DE LA ARAUCANIA
DE LA ARAUCANIA,VILCUN,4764,36.78,8190,63.22,12954,98.82,117,0.89,38,0.29,13109,100.0,96,96-VILCUN,1095,1095-DE LA ARAUCANIA
DE LA ARAUCANIA,VILLARRICA,12289,42.45,16662,57.55,28951,99.01,207,0.71,82,0.28,29240,100.0,97,97-VILLARRICA,1095,1095-DE LA ARAUCANIA
DE LOS RIOS,total,95290,50.47,93518,49.53,188808,98.94,1421,0.74,601,0.31,190830,100.0,-99,total,1094,1094-DE LOS RIOS
DE LOS RIOS,CORRAL,1844,64.84,1000,35.16,2844,99.34,13,0.45,6,0.21,2863,100.0,138,138-CORRAL,1094,1094-DE LOS RIOS
DE LOS RIOS,FUTRONO,2786,36.24,4902,63.76,7688,98.87,60,0.77,28,0.36,7776,100.0,139,139-FUTRONO,1094,1094-DE LOS RIOS
DE LOS RIOS,LA UNION,8200,43.63,10594,56.37,18794,99.08,124,0.65,50,0.26,18968,100.0,140,140-LA UNION,1094,1094-DE LOS RIOS
DE LOS RIOS,LAGO RANCO,1940,38.61,3085,61.39,5025,98.7,35,0.69,31,0.61,5091,100.0,141,141-LAGO RANCO,1094,1094-DE LOS RIOS
DE LOS RIOS,LANCO,4090,49.29,4208,50.71,8298,98.93,61,0.73,29,0.35,8388,100.0,142,142-LANCO,1094,1094-DE LOS RIOS
DE LOS RIOS,LOS LAGOS,4038,43.37,5272,56.63,9310,99.03,60,0.64,31,0.33,9401,100.0,143,143-LOS LAGOS,1094,1094-DE LOS RIOS
DE LOS RIOS,MAFIL,1527,40.21,2271,59.79,3798,98.93,31,0.81,10,0.26,3839,100.0,144,144-MAFIL,1094,1094-DE LOS RIOS
DE LOS RIOS,MARIQUINA,4854,51.86,4505,48.14,9359,99.19,47,0.5,29,0.31,9435,100.0,145,145-MARIQUINA,1094,1094-DE LOS RIOS
DE LOS RIOS,PAILLACO,4229,42.1,5815,57.9,10044,99.0,79,0.78,22,0.22,10145,100.0,146,146-PAILLACO,1094,1094-DE LOS RIOS
DE LOS RIOS,PANGUIPULLI,7035,44.13,8907,55.87,15942,98.57,162,1.0,69,0.43,16173,100.0,147,147-PANGUIPULLI,1094,1094-DE LOS RIOS
DE LOS RIOS,RIO BUENO,6366,40.22,9462,59.78,15828,99.03,117,0.73,38,0.24,15983,100.0,148,148-RIO BUENO,1094,1094-DE LOS RIOS
DE LOS RIOS,VALDIVIA,48381,59.09,33497,40.91,81878,98.92,632,0.76,258,0.31,82768,100.0,149,149-VALDIVIA,1094,1094-DE LOS RIOS
DE LOS LAGOS,total,191925,50.05,191554,49.95,383479,98.89,3070,0.79,1227,0.32,387776,100.0,-99,total,1093,1093-DE LOS LAGOS
DE LOS LAGOS,ANCUD,10412,55.87,8225,44.13,18637,99.12,118,0.63,48,0.26,18803,100.0,342,342-ANCUD,1093,1093-DE LOS LAGOS
DE LOS LAGOS,CALBUCO,6523,46.79,7418,53.21,13941,98.84,107,0.76,56,0.4,14104,100.0,118,118-CALBUCO,1093,1093-DE LOS LAGOS
DE LOS LAGOS,CASTRO,12308,59.79,8276,40.21,20584,98.87,167,0.8,68,0.33,20819,100.0,109,109-CASTRO,1093,1093-DE LOS LAGOS
DE LOS LAGOS,CHAITEN,883,44.82,1087,55.18,1970,98.75,15,0.75,10,0.5,1995,100.0,134,134-CHAITEN,1093,1093-DE LOS LAGOS
DE LOS LAGOS,CHONCHI,3964,62.43,2386,37.57,6350,98.88,46,0.72,26,0.4,6422,100.0,110,110-CHONCHI,1093,1093-DE LOS LAGOS
DE LOS LAGOS,COCHAMO,690,36.03,1225,63.97,1915,98.26,18,0.92,16,0.82,1949,100.0,119,119-COCHAMO,1093,1093-DE LOS LAGOS
DE LOS LAGOS,CURACO DE VELEZ,1041,57.74,762,42.26,1803,98.42,20,1.09,9,0.49,1832,100.0,111,111-CURACO DE VELEZ,1093,1093-DE LOS LAGOS
DE LOS LAGOS,DALCAHUE,3024,53.62,2616,46.38,5640,98.77,46,0.81,24,0.42,5710,100.0,112,112-DALCAHUE,1093,1093-DE LOS LAGOS
DE LOS LAGOS,FRESIA,2912,45.41,3501,54.59,6413,98.9,51,0.79,20,0.31,6484,100.0,120,120-FRESIA,1093,1093-DE LOS LAGOS
DE LOS LAGOS,FRUTILLAR,4276,44.5,5333,55.5,9609,99.02,75,0.77,20,0.21,9704,100.0,121,121-FRUTILLAR,1093,1093-DE LOS LAGOS
DE LOS LAGOS,FUTALEUFU,558,39.49,855,60.51,1413,98.67,14,0.98,5,0.35,1432,100.0,135,135-FUTALEUFU,1093,1093-DE LOS LAGOS
DE LOS LAGOS,HUALAIHUE,2046,48.4,2181,51.6,4227,98.74,33,0.77,21,0.49,4281,100.0,136,136-HUALAIHUE,1093,1093-DE LOS LAGOS
DE LOS LAGOS,LLANQUIHUE,2499,30.98,5567,69.02,8066,98.96,50,0.61,35,0.43,8151,100.0,122,122-LLANQUIHUE,1093,1093-DE LOS LAGOS
DE LOS LAGOS,LOS MUERMOS,2499,30.98,5567,69.02,8066,98.96,50,0.61,35,0.43,8151,100.0,123,123-LOS MUERMOS,1093,1093-DE LOS LAGOS
DE LOS LAGOS,MAULLIN,2791,40.58,4086,59.42,6877,98.85,51,0.73,29,0.42,6957,100.0,124,124-MAULLIN,1093,1093-DE LOS LAGOS
DE LOS LAGOS,OSORNO,40375,51.58,37894,48.42,78269,99.0,620,0.78,173,0.22,79062,100.0,127,127-OSORNO,1093,1093-DE LOS LAGOS
DE LOS LAGOS,PALENA,441,49.55,449,50.45,890,99.11,3,0.33,5,0.56,898,100.0,137,137-PALENA,1093,1093-DE LOS LAGOS
DE LOS LAGOS,PUERTO MONTT,50224,49.45,51340,50.55,101564,98.91,830,0.81,287,0.28,102681,100.0,125,125-PUERTO MONTT,1093,1093-DE LOS LAGOS
DE LOS LAGOS,PUERTO OCTAY,2592,55.3,2095,44.7,4687,99.01,36,0.76,11,0.23,4734,100.0,128,128-PUERTO OCTAY,1093,1093-DE LOS LAGOS
DE LOS LAGOS,PUERTO VARAS,11164,42.48,15117,57.52,26281,98.5,289,1.08,110,0.41,26680,100.0,126,126-PUERTO VARAS,1093,1093-DE LOS LAGOS
DE LOS LAGOS,PUQUELDON,1159,65.52,610,34.48,1769,99.1,9,0.5,7,0.39,1785,100.0,113,113-PUQUELDON,1093,1093-DE LOS LAGOS
DE LOS LAGOS,PURRANQUE,4509,43.61,5830,56.39,10339,98.93,68,0.65,44,0.42,10451,100.0,129,129-PURRANQUE,1093,1093-DE LOS LAGOS
DE LOS LAGOS,PUYEHUE,2899,45.89,3418,54.11,6317,98.92,47,0.74,22,0.34,6386,100.0,130,130-PUYEHUE,1093,1093-DE LOS LAGOS
DE LOS LAGOS,QUEILEN,1573,58.76,1104,41.24,2677,99.15,16,0.59,7,0.26,2700,100.0,114,114-QUEILEN,1093,1093-DE LOS LAGOS
DE LOS LAGOS,QUELLON,5543,55.42,4458,44.58,10001,98.52,104,1.02,46,0.45,10151,100.0,115,115-QUELLON,1093,1093-DE LOS LAGOS
DE LOS LAGOS,QUEMCHI,1974,53.77,1697,46.23,3671,99.11,20,0.54,13,0.35,3704,100.0,116,116-QUEMCHI,1093,1093-DE LOS LAGOS
DE LOS LAGOS,QUINCHAO,2405,68.07,1128,31.93,3533,98.66,28,0.78,20,0.56,3581,100.0,117,117-QUINCHAO,1093,1093-DE LOS LAGOS
DE LOS LAGOS,RIO NEGRO,3372,47.0,3803,53.0,7175,98.98,50,0.69,24,0.33,7249,100.0,131,131-RIO NEGRO,1093,1093-DE LOS LAGOS
DE LOS LAGOS,SAN JUAN DE LA COSTA,2419,56.45,1866,43.55,4285,98.69,34,0.78,23,0.53,4342,100.0,132,132-SAN JUAN DE LA COSTA,1093,1093-DE LOS LAGOS
DE LOS LAGOS,SAN PABLO,2710,48.86,2837,51.14,5547,99.12,32,0.57,17,0.3,5596,100.0,133,133-SAN PABLO,1093,1093-DE LOS LAGOS
DE AYSEN DEL GENERAL CARLOS IBAÑEZ DEL CAMPO,total,25869,56.26,20111,43.74,45980,98.91,356,0.77,153,0.33,46489,100.0,-99,total,1088,1088-DE AYSEN DEL GENERAL CARLOS IBAÑEZ DEL CAMPO
DE AYSEN DEL GENERAL CARLOS IBAÑEZ DEL CAMPO,AYSEN,6354,61.82,3924,38.18,10278,98.97,69,0.66,38,0.37,10385,100.0,11007,11007-AYSEN,1088,1088-DE AYSEN DEL GENERAL CARLOS IBAÑEZ DEL CAMPO
DE AYSEN DEL GENERAL CARLOS IBAÑEZ DEL CAMPO,CHILE CHICO,1421,62.9,838,37.1,2259,98.35,31,1.35,7,0.3,2297,100.0,393,393-CHILE CHICO,1088,1088-DE AYSEN DEL GENERAL CARLOS IBAÑEZ DEL CAMPO
DE AYSEN DEL GENERAL CARLOS IBAÑEZ DEL CAMPO,CISNES,1183,48.72,1245,51.28,2428,99.35,9,0.37,7,0.29,2444,100.0,12157,12157-CISNES,1088,1088-DE AYSEN DEL GENERAL CARLOS IBAÑEZ DEL CAMPO
DE AYSEN DEL GENERAL CARLOS IBAÑEZ DEL CAMPO,COCHRANE,843,51.59,791,48.41,1634,98.49,15,0.9,10,0.6,1659,100.0,3515,3515-COCHRANE,1088,1088-DE AYSEN DEL GENERAL CARLOS IBAÑEZ DEL CAMPO
DE AYSEN DEL GENERAL CARLOS IBAÑEZ DEL CAMPO,COYHAIQUE,14430,55.33,11650,44.67,26080,98.93,199,0.75,82,0.31,26361,100.0,10993,10993-COYHAIQUE,1088,1088-DE AYSEN DEL GENERAL CARLOS IBAÑEZ DEL CAMPO
DE AYSEN DEL GENERAL CARLOS IBAÑEZ DEL CAMPO,GUAITECAS,365,58.49,259,41.51,624,99.05,6,0.95,0,0.0,630,100.0,6751,6751-GUAITECAS,1088,1088-DE AYSEN DEL GENERAL CARLOS IBAÑEZ DEL CAMPO
DE AYSEN DEL GENERAL CARLOS IBAÑEZ DEL CAMPO,LAGO VERDE,255,44.66,316,55.34,571,97.94,7,1.2,5,0.86,583,100.0,457,457-LAGO VERDE,1088,1088-DE AYSEN DEL GENERAL CARLOS IBAÑEZ DEL CAMPO
DE AYSEN DEL GENERAL CARLOS IBAÑEZ DEL CAMPO,O'HIGGINS,151,47.34,168,52.66,319,99.38,1,0.31,1,0.31,321,100.0,5,5-O'HIGGINS,1088,1088-DE AYSEN DEL GENERAL CARLOS IBAÑEZ DEL CAMPO
DE AYSEN DEL GENERAL CARLOS IBAÑEZ DEL CAMPO,RIO IBAÑEZ,714,46.03,837,53.97,1551,98.92,15,0.96,2,0.13,1568,100.0,10,10-RIO IBAÑEZ,1088,1088-DE AYSEN DEL GENERAL CARLOS IBAÑEZ DEL CAMPO
DE AYSEN DEL GENERAL CARLOS IBAÑEZ DEL CAMPO,TORTEL,153,64.83,83,35.17,236,97.93,4,1.66,1,0.41,241,100.0,2047,2047-TORTEL,1088,1088-DE AYSEN DEL GENERAL CARLOS IBAÑEZ DEL CAMPO
DE MAGALLANES Y DE LA ANTARTICA CHILENA,total,47835,61.29,30217,38.71,78052,98.88,696,0.88,188,0.24,78936,100.0,-99,total,1087,1087-DE MAGALLANES Y DE LA ANTARTICA CHILENA
DE MAGALLANES Y DE LA ANTARTICA CHILENA,ANTARTICA,7,21.21,26,78.79,33,100.0,0,0.0,0,0.0,33,100.0,-99,ANTARTICA,1087,1087-DE MAGALLANES Y DE LA ANTARTICA CHILENA
DE MAGALLANES Y DE LA ANTARTICA CHILENA,CABO DE HORNOS,272,35.46,495,64.54,767,99.87,1,0.13,0,0.0,768,100.0,5468,5468-CABO DE HORNOS,1087,1087-DE MAGALLANES Y DE LA ANTARTICA CHILENA
DE MAGALLANES Y DE LA ANTARTICA CHILENA,LAGUNA BLANCA,166,48.97,173,51.03,339,98.55,2,0.58,3,0.87,344,100.0,150,150-LAGUNA BLANCA,1087,1087-DE MAGALLANES Y DE LA ANTARTICA CHILENA
DE MAGALLANES Y DE LA ANTARTICA CHILENA,NATALES,6024,63.45,3470,36.55,9494,99.02,68,0.71,26,0.27,9588,100.0,22513,22513-NATALES,1087,1087-DE MAGALLANES Y DE LA ANTARTICA CHILENA
DE MAGALLANES Y DE LA ANTARTICA CHILENA,PORVENIR,1585,65.9,820,34.1,2405,99.18,16,0.66,4,0.16,2425,100.0,345,345-PORVENIR,1087,1087-DE MAGALLANES Y DE LA ANTARTICA CHILENA
DE MAGALLANES Y DE LA ANTARTICA CHILENA,PRIMAVERA,215,68.25,100,31.75,315,98.13,5,1.56,1,0.31,321,100.0,4572,4572-PRIMAVERA,1087,1087-DE MAGALLANES Y DE LA ANTARTICA CHILENA
DE MAGALLANES Y DE LA ANTARTICA CHILENA,PUNTA ARENAS,38851,61.35,24476,38.65,63327,98.83,598,0.93,150,0.23,64075,100.0,17170,17170-PUNTA ARENAS,1087,1087-DE MAGALLANES Y DE LA ANTARTICA CHILENA
DE MAGALLANES Y DE LA ANTARTICA CHILENA,RIO VERDE,140,48.28,150,51.72,290,98.98,2,0.68,1,0.34,293,100.0,10800,10800-RIO VERDE,1087,1087-DE MAGALLANES Y DE LA ANTARTICA CHILENA
DE MAGALLANES Y DE LA ANTARTICA CHILENA,SAN GREGORIO,136,51.71,127,48.29,263,99.25,1,0.38,1,0.38,265,100.0,153,153-SAN GREGORIO,1087,1087-DE MAGALLANES Y DE LA ANTARTICA CHILENA
DE MAGALLANES Y DE LA ANTARTICA CHILENA,TIMAUKEL,48,40.34,71,59.66,119,99.17,0,0.0,1,0.83,120,100.0,343,343-TIMAUKEL,1087,1087-DE MAGALLANES Y DE LA ANTARTICA CHILENA
DE MAGALLANES Y DE LA ANTARTICA CHILENA,TORRES DEL PAINE,391,55.86,309,44.14,700,99.43,3,0.43,1,0.14,704,100.0,10982,10982-TORRES DEL PAINE,1087,1087-DE MAGALLANES Y DE LA ANTARTICA CHILENA
